Date,AAPL
2004-09-27,9.1500
2004-09-28,8.7600
2004-09-29,8.7500
2004-09-30,8.9700
2004-10-01,9.2500
2004-10-04,9.4700
2004-10-05,9.6300
2004-10-06,9.4500
2004-10-07,9.4500
2004-10-08,9.4000
2004-10-11,9.2300
2004-10-12,9.0000
2004-10-13,9.0100
2004-10-14,9.0400
2004-10-15,8.9500
2004-10-18,9.0400
2004-10-19,9.2700
2004-10-20,9.1000
2004-10-21,9.1000
2004-10-22,9.1700
2004-10-25,8.7300
2004-10-26,8.9200
2004-10-27,9.0100
2004-10-28,9.1900
2004-10-29,9.2500
2004-11-01,9.2000
2004-11-02,9.2500
2004-11-03,9.3400
2004-11-04,9.2800
2004-11-05,9.5000
2004-11-08,9.5000
2004-11-09,9.4800
2004-11-10,9.5000
2004-11-11,9.5000
2004-11-12,9.4600
2004-11-15,9.4800
2004-11-16,9.6600
2004-11-17,9.9500
2004-11-18,10.0000
2004-11-19,9.7600
2004-11-22,9.8300
2004-11-23,10.0000
2004-11-24,10.6000
2004-11-26,10.5100
2004-11-29,11.1500
2004-11-30,11.1300
2004-12-01,11.1700
2004-12-02,11.4100
2004-12-03,11.5600
2004-12-06,11.5500
2004-12-07,11.4500
2004-12-08,10.9500
2004-12-09,11.0500
2004-12-10,10.7500
2004-12-13,10.8700
2004-12-14,10.9700
2004-12-15,11.3700
2004-12-16,11.4000
2004-12-17,11.3000
2004-12-20,11.3200
2004-12-21,11.4600
2004-12-22,11.4600
2004-12-23,11.6000
2004-12-27,11.6600
2004-12-28,11.7000
2004-12-29,11.6400
2004-12-30,11.3900
2004-12-31,11.9200
2005-01-03,12.0600
2005-01-04,11.7800
2005-01-05,11.3400
2005-01-06,11.1000
2005-01-07,11.3000
2005-01-10,10.7000
2005-01-11,10.7600
2005-01-12,10.7000
2005-01-13,11.0300
2005-01-14,11.1200
2005-01-18,10.9900
2005-01-19,10.6000
2005-01-20,10.6500
2005-01-21,10.6000
2005-01-24,10.4500
2005-01-25,10.8400
2005-01-26,10.7600
2005-01-27,10.8300
2005-01-28,10.9500
2005-01-31,11.6300
2005-02-01,11.2000
2005-02-02,11.2100
2005-02-03,11.3000
2005-02-04,11.3200
2005-02-07,11.3400
2005-02-08,11.2800
2005-02-09,11.3000
2005-02-10,11.3700
2005-02-11,11.5600
2005-02-14,11.5900
2005-02-15,11.5900
2005-02-16,11.2400
2005-02-17,11.2100
2005-02-18,10.8500
2005-02-22,11.1000
2005-02-23,10.9500
2005-02-24,10.8700
2005-02-25,10.7000
2005-02-28,10.8800
2005-03-01,10.6400
2005-03-02,10.6400
2005-03-03,10.8800
2005-03-04,11.1000
2005-03-07,11.0000
2005-03-08,10.9500
2005-03-09,10.7800
2005-03-10,10.7400
2005-03-11,10.5900
2005-03-14,10.6600
2005-03-15,10.5100
2005-03-16,10.5100
2005-03-17,10.2900
2005-03-18,10.4800
2005-03-21,10.2500
2005-03-22,9.9000
2005-03-23,9.6600
2005-03-24,9.6700
2005-03-28,9.5500
2005-03-29,9.4100
2005-03-30,9.4000
2005-03-31,9.7000
2005-04-01,9.9900
2005-04-04,9.6500
2005-04-05,9.2500
2005-04-06,9.4300
2005-04-07,9.5300
2005-04-08,9.7000
2005-04-11,9.7500
2005-04-12,9.7800
2005-04-13,9.7500
2005-04-14,9.7000
2005-04-15,9.5500
2005-04-18,9.7800
2005-04-19,9.7400
2005-04-20,9.7800
2005-04-21,10.0800
2005-04-22,9.9600
2005-04-25,9.9600
2005-04-26,9.8200
2005-04-27,9.7200
2005-04-28,9.5500
2005-04-29,9.4800
2005-05-02,9.5000
2005-05-03,9.5100
2005-05-04,9.7500
2005-05-05,9.5600
2005-05-06,9.6900
2005-05-09,9.8600
2005-05-10,9.8200
2005-05-11,9.8600
2005-05-12,9.9100
2005-05-13,9.9500
2005-05-16,10.3000
2005-05-17,9.9000
2005-05-18,9.9600
2005-05-19,9.8500
2005-05-20,9.9300
2005-05-23,9.9000
2005-05-24,10.1400
2005-05-25,10.1100
2005-05-26,10.2000
2005-05-27,10.1100
2005-05-31,9.8500
2005-06-01,9.8500
2005-06-02,10.0900
2005-06-03,10.1200
2005-06-06,10.1000
2005-06-07,10.0000
2005-06-08,10.0000
2005-06-09,9.8000
2005-06-10,9.6400
2005-06-13,9.6300
2005-06-14,9.6000
2005-06-15,9.6000
2005-06-16,9.7000
2005-06-17,9.6000
2005-06-20,9.4600
2005-06-21,9.6200
2005-06-22,9.7100
2005-06-23,9.6100
2005-06-24,9.6600
2005-06-27,9.8000
2005-06-28,9.5800
2005-06-29,9.6400
2005-06-30,9.6800
2005-07-01,9.7000
2005-07-05,10.0000
2005-07-06,10.1900
2005-07-07,10.0700
2005-07-08,10.0000
2005-07-11,10.2800
2005-07-12,10.6500
2005-07-13,10.6000
2005-07-14,10.3900
2005-07-15,10.5500
2005-07-18,10.7200
2005-07-19,10.9900
2005-07-20,10.8400
2005-07-21,10.6500
2005-07-22,10.8000
2005-07-25,10.7700
2005-07-26,10.9100
2005-07-27,11.0300
2005-07-28,11.0000
2005-07-29,11.3500
2005-08-01,11.5400
2005-08-02,11.9000
2005-08-03,11.5700
2005-08-04,11.5300
2005-08-05,11.6500
2005-08-08,11.0000
2005-08-09,10.7200
2005-08-10,10.9800
2005-08-11,11.3200
2005-08-12,11.3200
2005-08-15,11.4200
2005-08-16,11.1300
2005-08-17,11.2600
2005-08-18,11.1500
2005-08-19,11.2400
2005-08-22,11.0100
2005-08-23,10.7400
2005-08-24,10.7000
2005-08-25,10.6700
2005-08-26,10.7400
2005-08-29,10.5100
2005-08-30,10.4800
2005-08-31,10.3400
2005-09-01,10.6400
2005-09-02,11.0300
2005-09-06,11.1100
2005-09-07,11.2100
2005-09-08,11.5900
2005-09-09,11.4900
2005-09-12,11.5700
2005-09-13,11.5700
2005-09-14,11.8200
2005-09-15,11.7600
2005-09-16,11.8800
2005-09-19,11.8900
2005-09-20,11.9000
2005-09-21,11.8700
2005-09-22,11.6500
2005-09-23,11.6400
2005-09-26,12.0000
2005-09-27,12.4100
2005-09-28,12.3100
2005-09-29,12.1000
2005-09-30,12.3300
2005-10-03,12.6800
2005-10-04,12.7200
2005-10-05,12.5700
2005-10-06,12.1300
2005-10-07,12.1900
2005-10-10,11.8200
2005-10-11,11.9900
2005-10-12,12.0100
2005-10-13,11.8100
2005-10-14,11.7900
2005-10-17,11.7400
2005-10-18,11.2500
2005-10-19,11.2500
2005-10-20,11.0500
2005-10-21,11.3400
2005-10-24,11.5100
2005-10-25,11.3400
2005-10-26,11.1000
2005-10-27,10.6900
2005-10-28,10.4400
2005-10-31,10.6400
2005-11-01,10.7300
2005-11-02,10.8800
2005-11-03,11.0300
2005-11-04,10.9300
2005-11-07,10.8600
2005-11-08,10.9900
2005-11-09,10.9500
2005-11-10,11.0800
2005-11-11,11.4000
2005-11-14,11.2900
2005-11-15,11.2600
2005-11-16,11.5200
2005-11-17,11.8100
2005-11-18,12.0900
2005-11-21,11.9700
2005-11-22,11.6700
2005-11-23,12.1300
2005-11-25,12.5000
2005-11-28,12.6300
2005-11-29,12.5600
2005-11-30,11.9400
2005-12-01,12.5000
2005-12-02,12.2300
2005-12-05,11.8900
2005-12-06,11.9300
2005-12-07,11.9800
2005-12-08,12.1800
2005-12-09,12.4800
2005-12-12,12.7300
2005-12-13,13.3400
2005-12-14,13.3400
2005-12-15,13.4000
2005-12-16,13.7900
2005-12-19,13.7100
2005-12-20,13.9300
2005-12-21,13.6900
2005-12-22,13.9900
2005-12-23,13.8400
2005-12-27,14.2700
2005-12-28,14.1200
2005-12-29,14.2500
2005-12-30,14.3700
2006-01-03,14.4900
2006-01-04,14.7000
2006-01-05,14.6200
2006-01-06,14.4900
2006-01-09,14.7500
2006-01-10,14.4800
2006-01-11,14.3300
2006-01-12,14.6000
2006-01-13,14.7700
2006-01-17,14.3200
2006-01-18,14.1027
2006-01-19,14.6900
2006-01-20,14.5900
2006-01-23,14.4300
2006-01-24,14.8600
2006-01-25,15.3900
2006-01-26,15.5200
2006-01-27,15.8500
2006-01-30,15.7100
2006-01-31,16.0600
2006-02-01,16.2400
2006-02-02,16.0000
2006-02-03,16.1000
2006-02-06,16.5100
2006-02-07,17.0300
2006-02-08,17.0000
2006-02-09,17.0600
2006-02-10,16.9000
2006-02-13,17.1900
2006-02-14,17.2200
2006-02-15,17.4200
2006-02-16,17.9400
2006-02-17,17.8200
2006-02-21,18.2100
2006-02-22,18.2400
2006-02-23,18.0600
2006-02-24,17.8500
2006-02-27,18.0200
2006-02-28,18.3300
2006-03-01,19.3800
2006-03-02,19.9800
2006-03-03,20.9900
2006-03-06,20.8601
2006-03-07,20.1000
2006-03-08,19.5600
2006-03-09,19.9500
2006-03-10,20.5300
2006-03-13,20.2400
2006-03-14,20.0800
2006-03-15,20.3500
2006-03-16,20.8500
2006-03-17,21.1300
2006-03-20,21.4600
2006-03-21,20.5000
2006-03-22,20.8500
2006-03-23,20.5035
2006-03-24,20.5500
2006-03-27,20.1700
2006-03-28,20.2000
2006-03-29,20.2500
2006-03-30,20.1000
2006-03-31,20.8400
2006-04-03,21.5000
2006-04-04,21.7300
2006-04-05,21.6600
2006-04-06,21.8900
2006-04-07,21.0000
2006-04-10,20.9800
2006-04-11,20.8500
2006-04-12,19.8900
2006-04-13,20.3000
2006-04-17,20.4300
2006-04-18,20.9800
2006-04-19,20.4700
2006-04-20,21.4100
2006-04-21,21.5700
2006-04-24,21.1700
2006-04-25,20.3500
2006-04-26,21.0400
2006-04-27,20.0100
2006-04-28,20.7300
2006-05-01,21.3700
2006-05-02,21.3000
2006-05-03,21.5500
2006-05-04,21.7500
2006-05-05,21.8000
2006-05-08,21.6400
2006-05-09,21.9600
2006-05-10,21.8200
2006-05-11,21.1400
2006-05-12,21.3000
2006-05-15,19.6100
2006-05-16,20.2900
2006-05-17,20.3000
2006-05-18,18.9100
2006-05-19,18.2000
2006-05-22,16.7400
2006-05-23,17.5100
2006-05-24,16.5000
2006-05-25,17.6500
2006-05-26,17.7500
2006-05-30,16.5400
2006-05-31,16.8000
2006-06-01,16.8800
2006-06-02,17.4200
2006-06-05,16.8400
2006-06-06,16.5600
2006-06-07,16.0000
2006-06-08,15.6000
2006-06-09,16.0800
2006-06-12,15.3400
2006-06-13,14.9100
2006-06-14,15.2900
2006-06-15,16.5400
2006-06-16,16.3200
2006-06-19,16.5800
2006-06-20,16.7400
2006-06-21,17.3400
2006-06-22,16.8900
2006-06-23,17.1500
2006-06-26,16.2900
2006-06-27,16.1700
2006-06-28,16.2000
2006-06-29,17.2500
2006-06-30,17.2500
2006-07-03,17.3900
2006-07-05,17.1100
2006-07-06,17.1000
2006-07-07,16.6000
2006-07-10,16.9800
2006-07-11,16.5000
2006-07-12,16.4900
2006-07-13,16.0900
2006-07-14,15.7200
2006-07-17,15.1700
2006-07-18,14.8800
2006-07-19,14.9900
2006-07-20,14.6100
2006-07-21,14.2700
2006-07-24,14.9000
2006-07-25,15.2900
2006-07-26,15.7900
2006-07-27,16.2000
2006-07-28,15.9400
2006-07-31,15.7800
2006-08-01,15.6000
2006-08-02,16.3100
2006-08-03,16.5800
2006-08-04,16.2000
2006-08-07,16.2700
2006-08-08,16.3900
2006-08-09,16.8100
2006-08-10,17.0800
2006-08-11,16.8500
2006-08-14,17.1200
2006-08-15,17.7500
2006-08-16,17.9000
2006-08-17,18.3800
2006-08-18,18.6200
2006-08-21,18.4400
2006-08-22,18.4100
2006-08-23,18.0100
2006-08-24,18.3500
2006-08-25,18.4500
2006-08-28,18.3500
2006-08-29,18.4600
2006-08-30,18.5200
2006-08-31,18.4500
2006-09-01,18.6000
2006-09-05,19.1900
2006-09-06,19.1800
2006-09-07,19.5000
2006-09-08,19.4200
2006-09-11,18.2300
2006-09-12,18.7400
2006-09-13,19.0000
2006-09-14,19.0000
2006-09-15,18.9700
2006-09-18,18.6800
2006-09-19,17.9300
2006-09-20,18.3300
2006-09-21,18.1500
2006-09-22,18.0800
2006-09-25,18.5100
2006-09-26,18.6900
2006-09-27,18.6400
2006-09-28,18.5900
2006-09-29,18.5800
2006-10-02,18.5900
2006-10-03,18.9200
2006-10-04,19.1400
2006-10-05,19.5600
2006-10-06,19.3300
2006-10-09,19.8400
2006-10-10,19.5800
2006-10-11,19.2700
2006-10-12,19.7000
2006-10-13,20.1600
2006-10-16,19.9500
2006-10-17,19.6800
2006-10-18,19.7600
2006-10-19,19.5800
2006-10-20,19.5400
2006-10-23,19.3800
2006-10-24,19.4500
2006-10-25,19.5300
2006-10-26,19.7000
2006-10-27,19.4900
2006-10-30,18.6600
2006-10-31,18.1800
2006-11-01,18.5000
2006-11-02,18.5800
2006-11-03,18.4000
2006-11-06,18.4200
2006-11-07,18.2500
2006-11-08,18.0000
2006-11-09,17.9200
2006-11-10,18.6400
2006-11-13,18.8200
2006-11-14,18.6800
2006-11-15,18.5000
2006-11-16,18.3100
2006-11-17,17.9700
2006-11-20,17.9200
2006-11-21,18.3300
2006-11-22,18.5400
2006-11-24,18.6000
2006-11-27,18.2500
2006-11-28,18.0600
2006-11-29,18.2000
2006-11-30,18.0600
2006-12-01,18.9000
2006-12-04,19.7900
2006-12-05,19.9400
2006-12-06,19.4700
2006-12-07,20.0000
2006-12-08,19.4900
2006-12-11,19.1200
2006-12-12,18.5900
2006-12-13,18.6700
2006-12-14,19.2800
2006-12-15,19.4000
2006-12-18,19.8100
2006-12-19,19.4900
2006-12-20,19.1100
2006-12-21,19.3900
2006-12-22,19.1900
2006-12-26,19.8700
2006-12-27,20.8300
2006-12-28,20.4500
2006-12-29,20.4300
2007-01-03,21.6900
2007-01-04,21.6000
2007-01-05,20.8600
2007-01-08,20.8600
2007-01-09,20.5300
2007-01-10,20.3100
2007-01-11,21.1000
2007-01-12,21.4200
2007-01-16,22.1000
2007-01-17,22.1000
2007-01-18,21.9300
2007-01-19,21.7500
2007-01-22,22.0200
2007-01-23,21.7800
2007-01-24,21.1800
2007-01-25,20.7900
2007-01-26,20.8500
2007-01-29,20.5100
2007-01-30,20.5900
2007-01-31,20.3000
2007-02-01,20.6200
2007-02-02,20.7500
2007-02-05,20.6900
2007-02-06,20.8000
2007-02-07,20.5200
2007-02-08,20.2700
2007-02-09,20.4000
2007-02-12,19.8700
2007-02-13,19.4500
2007-02-14,19.8700
2007-02-15,20.1300
2007-02-16,20.1500
2007-02-20,19.7000
2007-02-21,19.7400
2007-02-22,19.3800
2007-02-23,19.0000
2007-02-26,19.0900
2007-02-27,18.0500
2007-02-28,18.5100
2007-03-01,18.1100
2007-03-02,17.8500
2007-03-05,17.2000
2007-03-06,17.1500
2007-03-07,16.9600
2007-03-08,17.5800
2007-03-09,17.4900
2007-03-12,17.6100
2007-03-13,17.1300
2007-03-14,17.0900
2007-03-15,17.0000
2007-03-16,16.9900
2007-03-19,17.5900
2007-03-20,17.6600
2007-03-21,18.1800
2007-03-22,18.4000
2007-03-23,18.1000
2007-03-26,17.8200
2007-03-27,17.5000
2007-03-28,16.9200
2007-03-29,16.8600
2007-03-30,16.2100
2007-04-02,15.9400
2007-04-03,16.2900
2007-04-04,16.1200
2007-04-05,16.2700
2007-04-09,16.5900
2007-04-10,16.8500
2007-04-11,16.7700
2007-04-12,16.8500
2007-04-13,17.2300
2007-04-16,17.7600
2007-04-17,17.5600
2007-04-18,17.4800
2007-04-19,17.3500
2007-04-20,17.5400
2007-04-23,18.0000
2007-04-24,18.8100
2007-04-25,18.8500
2007-04-26,19.0900
2007-04-27,18.4500
2007-04-30,18.2800
2007-05-01,18.3400
2007-05-02,18.3000
2007-05-03,18.0200
2007-05-04,18.1400
2007-05-07,17.9300
2007-05-08,17.9400
2007-05-09,17.8600
2007-05-10,17.3300
2007-05-11,17.6400
2007-05-14,17.5000
2007-05-15,17.5400
2007-05-16,18.1800
2007-05-17,18.1600
2007-05-18,18.2900
2007-05-21,17.8100
2007-05-22,18.0700
2007-05-23,17.6000
2007-05-24,17.4600
2007-05-25,17.9900
2007-05-29,18.3100
2007-05-30,18.4200
2007-05-31,18.6400
2007-06-01,18.7800
2007-06-04,17.8900
2007-06-05,17.6600
2007-06-06,16.8300
2007-06-07,16.5100
2007-06-08,16.4700
2007-06-11,16.2700
2007-06-12,16.0000
2007-06-13,16.0700
2007-06-14,16.1200
2007-06-15,16.2500
2007-06-18,16.1900
2007-06-19,16.5400
2007-06-20,16.8100
2007-06-21,16.6900
2007-06-22,16.4600
2007-06-25,16.5300
2007-06-26,16.5500
2007-06-27,16.4900
2007-06-28,16.5100
2007-06-29,16.4200
2007-07-02,16.6400
2007-07-03,17.0000
2007-07-05,17.2500
2007-07-06,17.5900
2007-07-09,17.7300
2007-07-10,17.9400
2007-07-11,18.0200
2007-07-12,18.3100
2007-07-13,18.7000
2007-07-16,18.5700
2007-07-17,18.4200
2007-07-18,18.1900
2007-07-19,19.0900
2007-07-20,18.6700
2007-07-23,18.9100
2007-07-24,18.2200
2007-07-25,18.1500
2007-07-26,17.7300
2007-07-27,17.2800
2007-07-30,17.7400
2007-07-31,17.1500
2007-08-01,16.9700
2007-08-02,16.4500
2007-08-03,16.1600
2007-08-06,16.5000
2007-08-07,16.5000
2007-08-08,16.6800
2007-08-09,16.3800
2007-08-10,16.7600
2007-08-13,17.1600
2007-08-14,16.9500
2007-08-15,16.5100
2007-08-16,16.1800
2007-08-17,16.5300
2007-08-20,16.2100
2007-08-21,15.6000
2007-08-22,15.7700
2007-08-23,15.5600
2007-08-24,16.4500
2007-08-27,16.3100
2007-08-28,15.9000
2007-08-29,16.4300
2007-08-30,16.3800
2007-08-31,16.9500
2007-09-04,16.8900
2007-09-05,16.8400
2007-09-06,17.3100
2007-09-07,16.9000
2007-09-10,17.1000
2007-09-11,16.9400
2007-09-12,17.0000
2007-09-13,17.2000
2007-09-14,17.0200
2007-09-17,17.0800
2007-09-18,17.6900
2007-09-19,17.8700
2007-09-20,17.8800
2007-09-21,18.2300
2007-09-24,18.5000
2007-09-25,18.5100
2007-09-26,18.6800
2007-09-27,18.7400
2007-09-28,19.1400
2007-10-01,19.5700
2007-10-02,19.4000
2007-10-03,19.4100
2007-10-04,19.7400
2007-10-05,19.7500
2007-10-08,19.3700
2007-10-09,19.9200
2007-10-10,20.2600
2007-10-11,20.7500
2007-10-12,20.6300
2007-10-15,20.5300
2007-10-16,19.3800
2007-10-17,19.8200
2007-10-18,19.7400
2007-10-19,19.3000
2007-10-22,19.3700
2007-10-23,20.1700
2007-10-24,19.6800
2007-10-25,19.5000
2007-10-26,20.2900
2007-10-29,20.8500
2007-10-30,20.0000
2007-10-31,19.7000
2007-11-01,18.6800
2007-11-02,18.6000
2007-11-05,18.1900
2007-11-06,18.1800
2007-11-07,17.6500
2007-11-08,17.6500
2007-11-09,17.0900
2007-11-12,16.7500
2007-11-13,17.7500
2007-11-14,17.5400
2007-11-15,17.1000
2007-11-16,17.6200
2007-11-19,17.2600
2007-11-20,17.4900
2007-11-21,16.9000
2007-11-23,18.1600
2007-11-26,17.4800
2007-11-27,17.7400
2007-11-28,18.7000
2007-11-29,18.0200
2007-11-30,18.6700
2007-12-03,18.4200
2007-12-04,18.7400
2007-12-05,19.5900
2007-12-06,19.4200
2007-12-07,19.4400
2007-12-10,19.4900
2007-12-11,19.3300
2007-12-12,18.9800
2007-12-13,18.8600
2007-12-14,18.4900
2007-12-17,17.4800
2007-12-18,17.7800
2007-12-19,17.3700
2007-12-20,18.2900
2007-12-21,18.4700
2007-12-24,19.4200
2007-12-26,19.4300
2007-12-27,18.1800
2007-12-28,18.5300
2007-12-31,18.8600
2008-01-02,19.4500
2008-01-03,19.6500
2008-01-04,19.3200
2008-01-07,19.9500
2008-01-08,18.8500
2008-01-09,19.8400
2008-01-10,19.8800
2008-01-11,19.4800
2008-01-14,19.8700
2008-01-15,18.4800
2008-01-16,18.0900
2008-01-17,17.9600
2008-01-18,17.8300
2008-01-22,17.7800
2008-01-23,17.6300
2008-01-24,17.7400
2008-01-25,18.2300
2008-01-28,18.5200
2008-01-29,18.6000
2008-01-30,18.4700
2008-01-31,18.5000
2008-02-01,19.7500
2008-02-04,19.8300
2008-02-05,18.5100
2008-02-06,18.4000
2008-02-07,18.5400
2008-02-08,18.2800
2008-02-11,17.7200
2008-02-12,18.2800
2008-02-13,18.5800
2008-02-14,18.4300
2008-02-15,18.5100
2008-02-19,18.4300
2008-02-20,17.9900
2008-02-21,17.8600
2008-02-22,17.7100
2008-02-25,18.1200
2008-02-26,18.1400
2008-02-27,18.0200
2008-02-28,17.7200
2008-02-29,17.5200
2008-03-03,17.6000
2008-03-04,17.1900
2008-03-05,17.2800
2008-03-06,16.9100
2008-03-07,16.1500
2008-03-10,15.9800
2008-03-11,16.6200
2008-03-12,15.9900
2008-03-13,15.7800
2008-03-14,15.4300
2008-03-17,14.9800
2008-03-18,16.0600
2008-03-19,15.9100
2008-03-20,15.8500
2008-03-24,16.8600
2008-03-25,17.3600
2008-03-26,16.1800
2008-03-27,15.6300
2008-03-28,15.7900
2008-03-31,15.6200
2008-04-01,16.1300
2008-04-02,16.2400
2008-04-03,16.1400
2008-04-04,15.9300
2008-04-07,15.9900
2008-04-08,15.6800
2008-04-09,15.4400
2008-04-10,15.6200
2008-04-11,15.1700
2008-04-14,15.1500
2008-04-15,15.5900
2008-04-16,15.5700
2008-04-17,15.5600
2008-04-18,15.8400
2008-04-21,15.7500
2008-04-22,15.6100
2008-04-23,16.0300
2008-04-24,16.1300
2008-04-25,16.0800
2008-04-28,15.8800
2008-04-29,16.1900
2008-04-30,16.5400
2008-05-01,16.9900
2008-05-02,17.1500
2008-05-05,16.8400
2008-05-06,16.8800
2008-05-07,16.3700
2008-05-08,16.1600
2008-05-09,15.9600
2008-05-12,16.0700
2008-05-13,15.9900
2008-05-14,16.0400
2008-05-15,16.0000
2008-05-16,16.0200
2008-05-19,15.9600
2008-05-20,15.8200
2008-05-21,15.5300
2008-05-22,15.4000
2008-05-23,15.1800
2008-05-27,14.8300
2008-05-28,14.5300
2008-05-29,13.8500
2008-05-30,13.8600
2008-06-02,13.3200
2008-06-03,13.3000
2008-06-04,13.0900
2008-06-05,12.9400
2008-06-06,12.5000
2008-06-09,12.1700
2008-06-10,12.0200
2008-06-11,11.7500
2008-06-12,12.4800
2008-06-13,12.4300
2008-06-16,12.0300
2008-06-17,12.2500
2008-06-18,11.9900
2008-06-19,11.8700
2008-06-20,11.4600
2008-06-23,11.3600
2008-06-24,10.9900
2008-06-25,11.2700
2008-06-26,10.6600
2008-06-27,9.9700
2008-06-30,10.0500
2008-07-01,9.6100
2008-07-02,9.4000
2008-07-03,8.9000
2008-07-07,9.1400
2008-07-08,9.0300
2008-07-09,9.3700
2008-07-10,9.3800
2008-07-11,9.3700
2008-07-14,9.3000
2008-07-15,9.3100
2008-07-16,9.7700
2008-07-17,10.1100
2008-07-18,10.0200
2008-07-21,10.0500
2008-07-22,10.5100
2008-07-23,10.7500
2008-07-24,10.0300
2008-07-25,10.1000
2008-07-28,9.4300
2008-07-29,9.9400
2008-07-30,9.4700
2008-07-31,9.3500
2008-08-01,9.5200
2008-08-04,9.2600
2008-08-05,10.0600
2008-08-06,10.1300
2008-08-07,9.9600
2008-08-08,10.4200
2008-08-11,10.5100
2008-08-12,10.1200
2008-08-13,9.8400
2008-08-14,9.9500
2008-08-15,9.9800
2008-08-18,9.6000
2008-08-19,9.4100
2008-08-20,9.4500
2008-08-21,9.3000
2008-08-22,9.7000
2008-08-25,9.4600
2008-08-26,9.7700
2008-08-27,9.8000
2008-08-28,9.7900
2008-08-29,9.8600
2008-09-02,9.8400
2008-09-03,9.5300
2008-09-04,9.2500
2008-09-05,9.3800
2008-09-08,9.5300
2008-09-09,9.3700
2008-09-10,9.3800
2008-09-11,9.1700
2008-09-12,9.2500
2008-09-15,8.8900
2008-09-16,8.9800
2008-09-17,8.7000
2008-09-18,9.7400
2008-09-19,9.8100
2008-09-22,9.2000
2008-09-23,9.0400
2008-09-24,8.5700
2008-09-25,8.6100
2008-09-26,8.4000
2008-09-29,7.2900
2008-09-30,7.6600
2008-10-01,7.4100
2008-10-02,7.2600
2008-10-03,7.1300
2008-10-06,6.5700
2008-10-07,6.0600
2008-10-08,5.9400
2008-10-09,5.8100
2008-10-10,5.9100
2008-10-13,6.4600
2008-10-14,6.3400
2008-10-15,6.0100
2008-10-16,5.7500
2008-10-17,5.5900
2008-10-20,5.4900
2008-10-21,5.2600
2008-10-22,4.8300
2008-10-23,4.3500
2008-10-24,3.9600
2008-10-27,3.8500
2008-10-28,4.0000
2008-10-29,4.1700
2008-10-30,4.2500
2008-10-31,5.8500
2008-11-03,4.8600
2008-11-04,5.1000
2008-11-05,4.6800
2008-11-06,4.5000
2008-11-07,4.4200
2008-11-10,4.4900
2008-11-11,4.4600
2008-11-12,4.0900
2008-11-13,4.2500
2008-11-14,4.0200
2008-11-17,4.3000
2008-11-18,4.1700
2008-11-19,4.0000
2008-11-20,3.6400
2008-11-21,3.8200
2008-11-24,4.2200
2008-11-25,4.7000
2008-11-26,4.6500
2008-11-28,4.5500
2008-12-01,3.7500
2008-12-02,4.3900
2008-12-03,4.1000
2008-12-04,4.3300
2008-12-05,4.7500
2008-12-08,4.3300
2008-12-09,4.2000
2008-12-10,4.5600
2008-12-11,4.3700
2008-12-12,4.2900
2008-12-15,4.3800
2008-12-16,4.5100
2008-12-17,4.6900
2008-12-18,4.4200
2008-12-19,4.9300
2008-12-22,4.8300
2008-12-23,4.6600
2008-12-24,4.4800
2008-12-26,4.2600
2008-12-29,4.6100
2008-12-30,4.5600
2008-12-31,4.4500
2009-01-02,4.7400
2009-01-05,5.0000
2009-01-06,5.3300
2009-01-07,4.9500
2009-01-08,5.0200
2009-01-09,4.7600
2009-01-12,4.4000
2009-01-13,4.3700
2009-01-14,4.0900
2009-01-15,4.2700
2009-01-16,4.5000
2009-01-20,4.3000
2009-01-21,4.2400
2009-01-22,4.2100
2009-01-23,4.0100
2009-01-26,4.0500
2009-01-27,4.1000
2009-01-28,4.3500
2009-01-29,4.1500
2009-01-30,4.0400
2009-02-02,3.8500
2009-02-03,3.9100
2009-02-04,3.8900
2009-02-05,4.0000
2009-02-06,4.0000
2009-02-09,4.0500
2009-02-10,3.8500
2009-02-11,3.7100
2009-02-12,3.8200
2009-02-13,3.8900
2009-02-17,3.9600
2009-02-18,3.5500
2009-02-19,3.5300
2009-02-20,3.3300
2009-02-23,3.2500
2009-02-24,3.4800
2009-02-25,3.7500
2009-02-26,3.7000
2009-02-27,3.5100
2009-03-02,3.1400
2009-03-03,3.2500
2009-03-04,3.5700
2009-03-05,3.4000
2009-03-06,3.4300
2009-03-09,3.2100
2009-03-10,3.6000
2009-03-11,3.5000
2009-03-12,3.8700
2009-03-13,3.9600
2009-03-16,3.8100
2009-03-17,4.3000
2009-03-18,4.4400
2009-03-19,4.2800
2009-03-20,4.5000
2009-03-23,5.1000
2009-03-24,4.8900
2009-03-25,4.5900
2009-03-26,4.6500
2009-03-27,5.0500
2009-03-30,4.5500
2009-03-31,4.9300
2009-04-01,5.3600
2009-04-02,6.0600
2009-04-03,6.0600
2009-04-06,6.0000
2009-04-07,5.8500
2009-04-08,6.6400
2009-04-09,7.6400
2009-04-13,7.7200
2009-04-14,7.3600
2009-04-15,7.8100
2009-04-16,7.5900
2009-04-17,7.2200
2009-04-20,6.8600
2009-04-21,6.9400
2009-04-22,7.0500
2009-04-23,7.2200
2009-04-24,7.5900
2009-04-27,7.4000
2009-04-28,7.3000
2009-04-29,7.6200
2009-04-30,7.7100
2009-05-01,7.4400
2009-05-04,7.8600
2009-05-05,7.8200
2009-05-06,7.6900
2009-05-07,7.5700
2009-05-08,7.8400
2009-05-11,7.7700
2009-05-12,7.8400
2009-05-13,7.1700
2009-05-14,7.4800
2009-05-15,7.6000
2009-05-18,9.0700
2009-05-19,9.0000
2009-05-20,8.9100
2009-05-21,9.5500
2009-05-22,9.6100
2009-05-26,9.4600
2009-05-27,9.6400
2009-05-28,10.1100
2009-05-29,9.6800
2009-06-01,10.1400
2009-06-02,10.3400
2009-06-03,10.3100
2009-06-04,10.3400
2009-06-05,10.4900
2009-06-08,10.4700
2009-06-09,10.4200
2009-06-10,10.5000
2009-06-11,10.5800
2009-06-12,10.3800
2009-06-15,9.6600
2009-06-16,9.5300
2009-06-17,9.1600
2009-06-18,9.5400
2009-06-19,9.7000
2009-06-22,9.1300
2009-06-23,9.2200
2009-06-24,9.5900
2009-06-25,9.7100
2009-06-26,9.7400
2009-06-29,9.4000
2009-06-30,8.5200
2009-07-01,8.8500
2009-07-02,8.5900
2009-07-06,8.4000
2009-07-07,8.2100
2009-07-08,7.6400
2009-07-09,7.9200
2009-07-10,7.7700
2009-07-13,7.7300
2009-07-14,7.9300
2009-07-15,8.5900
2009-07-16,8.6300
2009-07-17,8.8000
2009-07-20,9.1000
2009-07-21,9.1600
2009-07-22,9.1600
2009-07-23,9.4800
2009-07-24,10.1100
2009-07-27,10.4900
2009-07-28,10.5200
2009-07-29,10.1600
2009-07-30,10.1600
2009-07-31,10.5500
2009-08-03,11.3100
2009-08-04,11.8000
2009-08-05,11.6100
2009-08-06,11.2800
2009-08-07,11.4000
2009-08-10,11.1200
2009-08-11,11.0500
2009-08-12,11.5800
2009-08-13,11.9500
2009-08-14,11.5300
2009-08-17,10.6500
2009-08-18,11.0000
2009-08-19,10.8200
2009-08-20,11.0000
2009-08-21,11.0600
2009-08-24,11.8700
2009-08-25,11.9800
2009-08-26,12.1000
2009-08-27,12.0600
2009-08-28,12.0500
2009-08-31,11.5900
2009-09-01,11.8200
2009-09-02,11.5800
2009-09-03,11.7100
2009-09-04,11.8900
2009-09-08,12.9900
2009-09-09,13.0000
2009-09-10,13.0800
2009-09-11,12.6700
2009-09-14,12.6600
2009-09-15,12.6800
2009-09-16,13.3300
2009-09-17,13.3100
2009-09-18,12.8500
2009-09-21,12.8000
2009-09-22,13.2300
2009-09-23,13.0200
2009-09-24,12.8600
2009-09-25,12.7700
2009-09-28,12.9400
2009-09-29,12.8200
2009-09-30,12.9600
2009-10-01,12.4800
2009-10-02,12.1900
2009-10-05,12.5600
2009-10-06,12.8100
2009-10-07,12.8100
2009-10-08,12.8900
2009-10-09,12.2300
2009-10-12,12.2100
2009-10-13,12.0100
2009-10-14,12.7800
2009-10-15,12.6000
2009-10-16,12.2200
2009-10-19,12.3000
2009-10-20,12.2600
2009-10-21,12.0200
2009-10-22,11.7000
2009-10-23,11.4500
2009-10-26,11.9600
2009-10-27,11.7200
2009-10-28,11.6800
2009-10-29,12.1600
2009-10-30,11.3800
2009-11-02,11.7200
2009-11-03,11.9800
2009-11-04,12.0600
2009-11-05,12.2100
2009-11-06,12.1500
2009-11-09,12.6700
2009-11-10,12.7100
2009-11-11,13.1300
2009-11-12,13.1900
2009-11-13,13.6600
2009-11-16,14.0000
2009-11-17,13.8600
2009-11-18,13.9900
2009-11-19,13.6200
2009-11-20,13.7800
2009-11-23,13.7700
2009-11-24,13.8200
2009-11-25,13.8400
2009-11-27,13.7200
2009-11-30,14.3200
2009-12-01,15.9000
2009-12-02,15.6800
2009-12-03,15.4600
2009-12-04,15.6000
2009-12-07,15.3600
2009-12-08,15.2700
2009-12-09,15.3900
2009-12-10,15.5200
2009-12-11,15.4400
2009-12-14,15.4100
2009-12-15,15.1500
2009-12-16,15.5200
2009-12-17,15.5700
2009-12-18,15.7200
2009-12-21,15.7300
2009-12-22,15.7000
2009-12-23,16.1300
2009-12-24,17.1900
2009-12-28,16.7600
2009-12-29,16.9100
2009-12-30,16.8900
2009-12-31,16.8600
2010-01-04,18.0300
2010-01-05,17.8500
2010-01-06,17.9900
2010-01-07,17.5700
2010-01-08,17.4000
2010-01-11,17.3700
2010-01-12,16.9800
2010-01-13,17.4000
2010-01-14,17.5300
2010-01-15,17.3400
2010-01-19,17.4000
2010-01-20,17.0500
2010-01-21,16.5800
2010-01-22,16.2800
2010-01-25,16.4000
2010-01-26,16.1600
2010-01-27,15.2800
2010-01-28,15.0500
2010-01-29,14.6300
2010-02-01,15.6500
2010-02-02,15.6100
2010-02-03,15.7400
2010-02-04,14.4100
2010-02-05,14.2800
2010-02-08,14.4700
2010-02-09,14.8100
2010-02-10,14.6500
2010-02-11,15.1000
2010-02-12,15.1700
2010-02-16,15.5400
2010-02-17,15.9200
2010-02-18,15.6600
2010-02-19,15.3600
2010-02-22,15.5600
2010-02-23,15.1500
2010-02-24,15.2000
2010-02-25,14.8500
2010-02-26,16.1800
2010-03-01,16.7000
2010-03-02,17.5000
2010-03-03,17.6400
2010-03-04,17.7800
2010-03-05,18.5600
2010-03-08,18.0000
2010-03-09,18.4600
2010-03-10,18.5900
2010-03-11,18.2400
2010-03-12,18.1800
2010-03-15,18.1600
2010-03-16,18.5000
2010-03-17,18.7700
2010-03-18,18.2600
2010-03-19,18.0000
2010-03-22,18.1300
2010-03-23,18.0000
2010-03-24,17.6500
2010-03-25,17.3400
2010-03-26,17.7500
2010-03-29,17.7300
2010-03-30,18.5100
2010-03-31,18.4600
2010-04-01,19.0900
2010-04-05,19.3500
2010-04-06,18.9900
2010-04-07,19.0300
2010-04-08,18.7400
2010-04-09,19.3400
2010-04-12,19.3400
2010-04-13,19.1500
2010-04-14,19.6500
2010-04-15,19.8400
2010-04-16,19.3300
2010-04-19,19.3900
2010-04-20,19.4600
2010-04-21,19.8600
2010-04-22,20.0300
2010-04-23,20.3500
2010-04-26,20.6000
2010-04-27,19.8800
2010-04-28,19.5200
2010-04-29,20.0000
2010-04-30,20.4100
2010-05-03,20.6000
2010-05-04,19.5700
2010-05-05,19.2300
2010-05-06,18.1300
2010-05-07,17.5900
2010-05-10,19.7000
2010-05-11,18.7300
2010-05-12,19.4200
2010-05-13,19.2400
2010-05-14,18.5100
2010-05-17,17.8700
2010-05-18,17.5200
2010-05-19,16.5900
2010-05-20,15.9300
2010-05-21,16.3300
2010-05-24,16.4000
2010-05-25,15.6500
2010-05-26,15.6800
2010-05-27,17.0500
2010-05-28,16.6800
2010-06-01,16.5000
2010-06-02,17.2700
2010-06-03,17.3800
2010-06-04,17.0200
2010-06-07,16.2200
2010-06-08,16.4900
2010-06-09,16.4300
2010-06-10,17.1500
2010-06-11,17.2300
2010-06-14,17.2800
2010-06-15,17.6400
2010-06-16,18.0700
2010-06-17,17.8600
2010-06-18,18.0300
2010-06-21,18.2100
2010-06-22,17.7700
2010-06-23,17.8700
2010-06-24,17.6800
2010-06-25,17.7200
2010-06-28,17.6900
2010-06-29,16.8900
2010-06-30,17.1900
2010-07-01,17.3800
2010-07-02,17.1600
2010-07-06,17.2700
2010-07-07,17.3000
2010-07-08,17.5600
2010-07-09,17.6500
2010-07-12,17.8100
2010-07-13,18.5200
2010-07-14,18.0000
2010-07-15,18.1500
2010-07-16,18.0700
2010-07-19,18.2700
2010-07-20,18.2800
2010-07-21,18.0800
2010-07-22,18.8400
2010-07-23,18.8700
2010-07-26,19.0700
2010-07-27,18.9700
2010-07-28,19.2400
2010-07-29,19.1000
2010-07-30,18.9100
2010-08-02,19.4000
2010-08-03,19.4600
2010-08-04,19.3100
2010-08-05,19.3900
2010-08-06,19.8700
2010-08-09,20.0600
2010-08-10,20.6700
2010-08-11,21.5300
2010-08-12,21.8400
2010-08-13,21.5500
2010-08-16,21.9400
2010-08-17,22.7300
2010-08-18,22.4900
2010-08-19,22.0000
2010-08-20,22.6800
2010-08-23,22.3100
2010-08-24,22.1000
2010-08-25,21.3000
2010-08-26,21.5800
2010-08-27,22.0800
2010-08-30,21.1700
2010-08-31,21.4100
2010-09-01,21.9000
2010-09-02,22.4400
2010-09-03,22.6800
2010-09-07,22.5300
2010-09-08,22.6500
2010-09-09,22.6400
2010-09-10,22.7500
2010-09-13,22.9500
2010-09-14,23.6100
2010-09-15,23.0700
2010-09-16,23.5900
2010-09-17,23.3000
2010-09-20,24.0800
2010-09-21,24.1600
2010-09-22,24.0000
2010-09-23,23.9400
2010-09-24,24.2700
2010-09-27,24.6500
2010-09-28,24.7400
2010-09-29,25.5200
2010-09-30,25.5100
2010-10-01,25.5900
2010-10-04,25.6100
2010-10-05,26.2500
2010-10-06,26.6000
2010-10-07,26.6000
2010-10-08,26.6900
2010-10-11,27.2300
2010-10-12,27.1300
2010-10-13,27.8500
2010-10-14,27.8100
2010-10-15,27.1600
2010-10-18,27.9200
2010-10-19,27.3300
2010-10-20,27.7700
2010-10-21,27.6500
2010-10-22,27.9500
2010-10-25,28.6300
2010-10-26,28.9500
2010-10-27,28.8400
2010-10-28,28.3300
2010-10-29,28.1200
2010-11-01,28.3400
2010-11-02,28.2400
2010-11-03,27.9900
2010-11-04,28.9700
2010-11-05,29.7800
2010-11-08,30.5100
2010-11-09,30.6300
2010-11-10,34.3000
2010-11-11,31.8300
2010-11-12,30.2100
2010-11-15,30.9450
2010-11-16,30.0700
2010-11-17,31.6900
2010-11-18,32.7400
2010-11-19,31.8300
2010-11-22,33.8900
2010-11-23,32.5000
2010-11-24,36.0000
2010-11-26,35.2700
2010-11-29,34.6200
2010-11-30,32.7100
2010-12-01,31.0000
2010-12-02,31.3000
2010-12-03,31.6500
2010-12-06,30.6200
2010-12-07,30.1300
2010-12-08,29.6700
2010-12-09,27.8600
2010-12-10,28.4000
2010-12-13,28.5600
2010-12-14,29.6800
2010-12-15,29.6600
2010-12-16,29.9200
2010-12-17,30.1700
2010-12-20,29.7800
2010-12-21,30.6800
2010-12-22,30.6400
2010-12-23,30.1500
2010-12-27,29.4000
2010-12-28,28.5900
2010-12-29,28.9400
2010-12-30,29.3400
2010-12-31,29.3400
2011-01-03,30.0600
2011-01-04,29.2600
2011-01-05,29.0300
2011-01-06,28.1400
2011-01-07,27.0100
2011-01-10,26.1500
2011-01-11,26.6700
2011-01-12,27.5600
2011-01-13,27.3300
2011-01-14,26.6000
2011-01-18,26.4900
2011-01-19,26.1200
2011-01-20,26.3400
2011-01-21,25.9300
2011-01-24,26.3900
2011-01-25,26.2300
2011-01-26,26.3400
2011-01-27,26.3000
2011-01-28,24.7100
2011-01-31,24.2600
2011-02-01,24.4900
2011-02-02,24.1400
2011-02-03,25.6900
2011-02-04,24.9800
2011-02-07,25.0600
2011-02-08,24.8500
2011-02-09,23.9300
2011-02-10,24.2200
2011-02-11,26.4000
2011-02-14,27.0000
2011-02-15,27.0700
2011-02-16,26.8600
2011-02-17,27.0700
2011-02-18,26.4000
2011-02-22,25.1700
2011-02-23,24.6800
2011-02-24,23.9900
2011-02-25,24.3600
2011-02-28,24.6200
2011-03-01,25.6000
2011-03-02,25.4300
2011-03-03,26.1200
2011-03-04,25.8300
2011-03-07,25.0700
2011-03-08,26.0800
2011-03-09,26.4100
2011-03-10,25.9400
2011-03-11,25.7400
2011-03-14,25.8700
2011-03-15,25.5400
2011-03-16,25.3500
2011-03-17,25.5900
2011-03-18,25.0200
2011-03-21,25.5700
2011-03-22,25.4000
2011-03-23,26.0000
2011-03-24,26.6200
2011-03-25,26.9800
2011-03-28,27.0400
2011-03-29,27.6600
2011-03-30,28.1600
2011-03-31,27.7900
2011-04-01,27.7800
2011-04-04,28.2200
2011-04-05,28.2700
2011-04-06,28.5800
2011-04-07,28.4700
2011-04-08,27.8900
2011-04-11,27.1600
2011-04-12,27.0500
2011-04-13,28.0600
2011-04-14,28.0800
2011-04-15,27.6800
2011-04-18,26.8900
2011-04-19,27.2900
2011-04-20,27.9900
2011-04-21,28.1300
2011-04-25,28.0400
2011-04-26,28.3200
2011-04-27,27.9500
2011-04-28,27.6100
2011-04-29,27.4400
2011-05-02,27.2600
2011-05-03,26.2000
2011-05-04,25.7900
2011-05-05,25.3700
2011-05-06,26.2600
2011-05-09,26.4300
2011-05-10,26.5500
2011-05-11,26.3600
2011-05-12,26.4800
2011-05-13,26.5900
2011-05-16,26.6000
2011-05-17,26.1500
2011-05-18,25.9500
2011-05-19,25.9200
2011-05-20,25.5000
2011-05-23,24.9800
2011-05-24,24.8700
2011-05-25,25.1000
2011-05-26,24.9400
2011-05-27,24.3000
2011-05-31,24.2300
2011-06-01,23.5000
2011-06-02,23.1300
2011-06-03,22.8100
2011-06-06,22.5300
2011-06-07,22.7700
2011-06-08,22.7400
2011-06-09,22.7700
2011-06-10,22.4200
2011-06-13,22.1000
2011-06-14,22.0700
2011-06-15,21.7400
2011-06-16,21.7300
2011-06-17,21.6100
2011-06-20,21.1300
2011-06-21,21.3200
2011-06-22,21.1000
2011-06-23,21.2500
2011-06-24,21.3300
2011-06-27,21.6100
2011-06-28,21.9800
2011-06-29,22.2900
2011-06-30,22.5100
2011-07-01,22.8800
2011-07-05,23.2500
2011-07-06,23.3600
2011-07-07,24.0500
2011-07-08,23.7000
2011-07-11,23.3500
2011-07-12,22.8300
2011-07-13,23.4000
2011-07-14,23.4400
2011-07-15,22.6600
2011-07-18,22.2200
2011-07-19,22.2300
2011-07-20,21.8700
2011-07-21,22.0400
2011-07-22,22.3100
2011-07-25,22.5200
2011-07-26,22.0200
2011-07-27,21.3800
2011-07-28,21.2600
2011-07-29,21.4200
2011-08-01,21.5000
2011-08-02,20.9200
2011-08-03,20.6800
2011-08-04,19.3700
2011-08-05,19.1700
2011-08-08,17.1500
2011-08-09,18.3600
2011-08-10,17.7200
2011-08-11,18.4200
2011-08-12,18.2100
2011-08-15,18.2600
2011-08-16,17.3700
2011-08-17,17.3500
2011-08-18,16.1600
2011-08-19,15.5900
2011-08-22,15.6800
2011-08-23,16.1200
2011-08-24,15.8800
2011-08-25,15.4600
2011-08-26,15.5000
2011-08-29,16.4100
2011-08-30,16.3900
2011-08-31,16.6300
2011-09-01,16.5500
2011-09-02,16.0300
2011-09-06,16.3200
2011-09-07,17.1000
2011-09-08,16.9100
2011-09-09,15.3500
2011-09-12,15.0900
2011-09-13,14.9200
2011-09-14,15.1100
2011-09-15,16.1100
2011-09-16,16.9300
2011-09-19,16.5800
2011-09-20,16.8100
2011-09-21,16.2600
2011-09-22,14.8900
2011-09-23,15.0200
2011-09-26,15.1500
2011-09-27,15.9900
2011-09-28,15.4500
2011-09-29,16.1300
2011-09-30,15.3800
2011-10-03,15.0000
2011-10-04,15.1300
2011-10-05,15.7200
2011-10-06,15.8400
2011-10-07,16.2400
2011-10-10,17.7100
2011-10-11,17.5200
2011-10-12,18.3400
2011-10-13,18.0500
2011-10-14,18.5900
2011-10-17,18.4300
2011-10-18,18.6000
2011-10-19,18.3500
2011-10-20,18.0900
2011-10-21,18.2500
2011-10-24,18.9400
2011-10-25,18.9200
2011-10-26,18.9500
2011-10-27,20.0500
2011-10-28,21.3400
2011-10-31,20.0500
2011-11-01,19.3800
2011-11-02,19.3500
2011-11-03,19.5200
2011-11-04,19.2900
2011-11-07,19.2200
2011-11-08,19.5000
2011-11-09,18.0700
2011-11-10,18.0400
2011-11-11,18.5100
2011-11-14,17.7600
2011-11-15,17.8900
2011-11-16,17.6100
2011-11-17,16.4900
2011-11-18,16.3500
2011-11-21,15.4100
2011-11-22,15.9400
2011-11-23,15.5300
2011-11-25,16.0400
2011-11-28,17.0400
2011-11-29,16.7300
2011-11-30,17.2000
2011-12-01,17.6900
2011-12-02,18.3700
2011-12-05,18.5900
2011-12-06,18.2700
2011-12-07,18.3000
2011-12-08,17.5700
2011-12-09,18.0400
2011-12-12,16.7800
2011-12-13,16.4000
2011-12-14,16.0300
2011-12-15,16.1400
2011-12-16,15.9400
2011-12-19,16.1600
2011-12-20,16.6100
2011-12-21,16.5700
2011-12-22,17.4600
2011-12-23,17.4400
2011-12-27,16.8800
2011-12-28,16.5400
2011-12-29,16.8900
2011-12-30,16.9000
2012-01-03,18.1100
2012-01-04,18.7900
2012-01-05,19.1000
2012-01-06,19.0500
2012-01-09,19.1300
2012-01-10,19.8800
2012-01-11,19.9800
2012-01-12,19.7600
2012-01-13,19.8200
2012-01-17,20.7000
2012-01-18,21.5600
2012-01-19,22.0900
2012-01-20,22.0600
2012-01-23,22.0900
2012-01-24,22.3600
2012-01-25,23.2600
2012-01-26,23.4000
2012-01-27,23.8800
2012-01-30,23.5800
2012-01-31,24.0800
2012-02-01,25.0400
2012-02-02,24.9800
2012-02-03,25.7000
2012-02-06,25.9400
2012-02-07,25.4300
2012-02-08,25.3900
2012-02-09,26.2500
2012-02-10,25.8000
2012-02-13,26.1300
2012-02-14,27.8000
2012-02-15,28.1400
2012-02-16,27.8300
2012-02-17,27.7600
2012-02-21,27.5600
2012-02-22,27.6700
2012-02-23,27.1800
2012-02-24,27.3600
2012-02-27,26.5800
2012-02-28,27.7100
2012-02-29,27.3000
2012-03-01,27.7500
2012-03-02,27.3900
2012-03-05,27.3300
2012-03-06,26.2300
2012-03-07,27.0500
2012-03-08,27.4600
2012-03-09,27.9900
2012-03-12,27.7700
2012-03-13,28.6100
2012-03-14,28.6600
2012-03-15,28.8700
2012-03-16,28.7800
2012-03-19,28.4000
2012-03-20,27.2600
2012-03-21,27.5500
2012-03-22,26.6100
2012-03-23,26.6400
2012-03-26,26.7600
2012-03-27,26.6000
2012-03-28,26.2200
2012-03-29,26.3700
2012-03-30,26.9700
2012-04-02,27.8000
2012-04-03,27.8200
2012-04-04,27.4100
2012-04-05,27.6700
2012-04-09,27.0000
2012-04-10,27.1300
2012-04-11,27.7100
2012-04-12,28.3900
2012-04-13,27.9200
2012-04-16,28.8500
2012-04-17,29.3100
2012-04-18,29.7900
2012-04-19,30.2800
2012-04-20,29.9600
2012-04-23,29.6700
2012-04-24,29.7100
2012-04-25,29.7300
2012-04-26,29.8400
2012-04-27,29.8300
2012-04-30,29.7500
2012-05-01,29.8800
2012-05-02,28.6600
2012-05-03,28.2100
2012-05-04,27.9100
2012-05-07,28.7300
2012-05-08,27.8500
2012-05-09,27.1600
2012-05-10,27.1600
2012-05-11,27.5500
2012-05-14,26.7900
2012-05-15,26.1900
2012-05-16,24.3800
2012-05-17,24.1200
2012-05-18,23.4300
2012-05-21,24.5000
2012-05-22,24.1100
2012-05-23,23.8400
2012-05-24,23.8200
2012-05-25,23.8400
2012-05-29,23.1400
2012-05-30,20.8400
2012-05-31,20.7900
2012-06-01,20.1100
2012-06-04,20.1800
2012-06-05,20.0700
2012-06-06,21.6700
2012-06-07,21.5300
2012-06-08,21.6700
2012-06-11,20.9000
2012-06-12,21.9000
2012-06-13,21.1600
2012-06-14,20.6900
2012-06-15,21.3600
2012-06-18,21.5600
2012-06-19,21.8500
2012-06-20,22.2500
2012-06-21,21.2400
2012-06-22,21.8100
2012-06-25,21.4400
2012-06-26,21.5200
2012-06-27,21.2900
2012-06-28,21.5300
2012-06-29,21.9600
2012-07-02,21.9700
2012-07-03,22.4200
2012-07-05,22.2100
2012-07-06,21.6400
2012-07-09,21.8800
2012-07-10,22.0800
2012-07-11,21.7100
2012-07-12,21.1000
2012-07-13,21.4400
2012-07-16,20.6900
2012-07-17,20.3300
2012-07-18,20.4100
2012-07-19,20.4100
2012-07-20,20.1500
2012-07-23,19.3200
2012-07-24,19.1700
2012-07-25,18.9400
2012-07-26,19.0100
2012-07-27,19.9400
2012-07-30,20.2300
2012-07-31,20.2000
2012-08-01,20.3400
2012-08-02,19.8800
2012-08-03,20.6500
2012-08-06,21.2000
2012-08-07,21.9600
2012-08-08,22.1300
2012-08-09,21.3400
2012-08-10,21.0400
2012-08-13,20.8100
2012-08-14,20.9400
2012-08-15,20.7500
2012-08-16,21.1500
2012-08-17,21.6400
2012-08-20,21.7400
2012-08-21,22.0400
2012-08-22,21.8500
2012-08-23,21.8500
2012-08-24,22.0100
2012-08-27,21.4200
2012-08-28,20.9700
2012-08-29,21.1000
2012-08-30,20.9900
2012-08-31,21.1200
2012-09-04,20.8800
2012-09-05,20.7200
2012-09-06,21.3900
2012-09-07,22.4400
2012-09-10,22.0700
2012-09-11,22.6400
2012-09-12,23.7000
2012-09-13,23.9600
2012-09-14,25.4100
2012-09-17,25.0000
2012-09-18,24.7100
2012-09-19,24.5500
2012-09-20,24.6500
2012-09-21,25.3600
2012-09-24,25.4400
2012-09-25,24.6400
2012-09-26,24.2200
2012-09-27,24.6700
2012-09-28,25.6800
2012-10-01,26.1600
2012-10-02,25.9500
2012-10-03,26.2900
2012-10-04,26.6900
2012-10-05,26.8100
2012-10-08,25.9600
2012-10-09,25.5600
2012-10-10,25.3500
2012-10-11,25.7700
2012-10-12,25.6200
2012-10-15,25.0800
2012-10-16,25.2100
2012-10-17,25.3600
2012-10-18,25.4100
2012-10-19,24.6600
2012-10-22,24.6800
2012-10-23,24.5300
2012-10-24,24.3900
2012-10-25,24.5000
2012-10-26,24.1300
2012-10-31,24.1500
2012-11-01,25.5200
2012-11-02,25.2600
2012-11-05,24.8100
2012-11-06,25.0200
2012-11-07,24.5000
2012-11-08,25.7300
2012-11-09,25.5500
2012-11-12,25.4700
2012-11-13,25.0900
2012-11-14,24.7800
2012-11-15,24.4000
2012-11-16,24.1900
2012-11-19,24.6100
2012-11-20,24.3800
2012-11-21,24.2300
2012-11-23,23.8800
2012-11-26,23.9900
2012-11-27,23.9500
2012-11-28,24.2100
2012-11-29,25.6000
2012-11-30,25.0700
2012-12-03,25.0800
2012-12-04,25.0200
2012-12-05,25.3600
2012-12-06,26.0700
2012-12-07,26.3400
2012-12-10,26.0700
2012-12-11,25.5900
2012-12-12,26.4700
2012-12-13,26.1900
2012-12-14,26.4300
2012-12-17,27.1100
2012-12-18,27.5000
2012-12-19,27.8000
2012-12-20,27.9100
2012-12-21,27.4700
2012-12-24,27.8100
2012-12-26,27.6800
2012-12-27,27.9000
2012-12-28,28.3400
2012-12-31,28.7200
2013-01-02,29.7400
2013-01-03,29.2900
2013-01-04,28.8300
2013-01-07,28.7900
2013-01-08,28.6800
2013-01-09,30.4600
2013-01-10,30.6600
2013-01-11,30.5100
2013-01-14,30.0300
2013-01-15,30.3700
2013-01-16,29.9300
2013-01-17,30.7200
2013-01-18,30.7400
2013-01-22,29.9500
2013-01-23,26.9900
2013-01-24,27.5000
2013-01-25,27.8400
2013-01-28,28.0500
2013-01-29,28.0100
2013-01-30,27.8500
2013-01-31,27.6300
2013-02-01,27.8600
2013-02-04,27.3700
2013-02-05,27.4000
2013-02-06,27.2000
2013-02-07,27.2000
2013-02-08,27.0600
2013-02-11,27.4900
2013-02-12,29.1200
2013-02-13,28.6500
2013-02-14,27.2500
2013-02-15,27.8600
2013-02-19,28.4000
2013-02-20,28.1100
2013-02-21,27.3500
2013-02-22,27.5700
2013-02-25,27.2300
2013-02-26,26.7300
2013-02-27,27.5000
2013-02-28,27.1400
2013-03-01,26.7300
2013-03-04,26.7500
2013-03-05,27.7800
2013-03-06,28.2400
2013-03-07,28.0000
2013-03-08,28.2800
2013-03-11,28.4900
2013-03-12,28.4200
2013-03-13,27.7700
2013-03-14,27.6700
2013-03-15,27.3600
2013-03-18,26.9100
2013-03-19,26.0800
2013-03-20,26.1200
2013-03-21,25.3900
2013-03-22,24.7800
2013-03-25,25.2300
2013-03-26,25.2900
2013-03-27,25.2000
2013-03-28,24.4100
2013-04-01,23.8400
2013-04-02,24.5700
2013-04-03,23.7300
2013-04-04,23.8300
2013-04-05,23.6200
2013-04-08,23.8800
2013-04-09,24.3600
2013-04-10,25.6500
2013-04-11,25.3800
2013-04-12,25.2200
2013-04-15,24.0100
2013-04-16,25.5400
2013-04-17,24.7300
2013-04-18,25.5200
2013-04-19,26.0100
2013-04-22,26.4000
2013-04-23,26.6500
2013-04-24,26.5300
2013-04-25,27.1500
2013-04-26,27.0000
2013-04-29,27.4000
2013-04-30,27.5400
2013-05-01,27.0700
2013-05-02,27.1800
2013-05-03,26.6300
2013-05-06,27.1200
2013-05-07,27.4800
2013-05-08,27.8700
2013-05-09,27.5500
2013-05-10,27.9500
2013-05-13,26.8500
2013-05-14,27.7400
2013-05-15,27.9100
2013-05-16,27.5300
2013-05-17,27.8700
2013-05-20,27.7300
2013-05-21,26.6700
2013-05-22,26.3000
2013-05-23,26.3700
2013-05-24,25.6000
2013-05-28,26.8500
2013-05-29,28.3300
2013-05-30,28.6700
2013-05-31,27.4300
2013-06-03,27.5300
2013-06-04,27.2400
2013-06-05,26.8800
2013-06-06,27.2800
2013-06-07,26.4400
2013-06-10,25.8300
2013-06-11,25.0300
2013-06-12,24.9700
2013-06-13,25.1000
2013-06-14,25.3600
2013-06-17,25.6800
2013-06-18,25.2800
2013-06-19,24.5600
2013-06-20,23.5000
2013-06-21,23.7300
2013-06-24,23.0400
2013-06-25,23.6500
2013-06-26,22.7100
2013-06-27,23.1100
2013-06-28,23.4400
2013-07-01,24.3200
2013-07-02,23.6600
2013-07-03,23.4100
2013-07-05,23.9500
2013-07-08,23.4100
2013-07-09,23.7700
2013-07-10,23.6400
2013-07-11,24.0700
2013-07-12,24.3000
2013-07-15,24.4800
2013-07-16,24.5000
2013-07-17,24.1400
2013-07-18,24.4000
2013-07-19,24.8100
2013-07-22,25.0400
2013-07-23,25.0000
2013-07-24,25.0100
2013-07-25,25.2500
2013-07-26,24.7400
2013-07-29,24.8400
2013-07-30,23.7500
2013-07-31,24.0400
2013-08-01,23.9500
2013-08-02,24.1000
2013-08-05,23.8700
2013-08-06,23.3100
2013-08-07,22.6200
2013-08-08,23.6700
2013-08-09,23.4500
2013-08-12,23.1700
2013-08-13,24.8100
2013-08-14,25.5800
2013-08-15,25.3600
2013-08-16,25.1200
2013-08-19,23.4000
2013-08-20,23.1100
2013-08-21,22.2500
2013-08-22,22.8600
2013-08-23,23.6100
2013-08-26,22.9000
2013-08-27,22.3100
2013-08-28,22.3000
2013-08-29,22.8300
2013-08-30,22.3200
2013-09-03,22.3100
2013-09-04,23.5000
2013-09-05,23.8900
2013-09-06,24.4200
2013-09-09,25.1400
2013-09-10,26.6300
2013-09-11,26.4600
2013-09-12,25.8600
2013-09-13,26.1100
2013-09-16,26.2400
2013-09-17,26.6500
2013-09-18,27.4600
2013-09-19,27.6700
2013-09-20,26.7500
2013-09-23,26.7600
2013-09-24,27.1500
2013-09-25,27.5400
2013-09-26,27.5900
2013-09-27,27.2000
2013-09-30,26.6200
2013-10-01,27.4800
2013-10-02,27.3000
2013-10-03,28.0100
2013-10-04,28.8500
2013-10-07,28.8300
2013-10-08,28.3600
2013-10-09,28.7900
2013-10-10,30.4300
2013-10-11,32.3200
2013-10-14,32.3200
2013-10-15,30.9100
2013-10-16,31.1100
2013-10-17,30.9500
2013-10-18,31.1000
2013-10-21,31.0000
2013-10-22,31.2200
2013-10-23,30.4600
2013-10-24,30.6500
2013-10-25,30.8300
2013-10-28,30.5800
2013-10-29,31.0000
2013-10-30,31.1800
2013-10-31,31.3200
2013-11-01,31.3300
2013-11-04,31.9000
2013-11-05,31.5500
2013-11-06,31.3800
2013-11-07,29.6700
2013-11-08,30.7700
2013-11-11,29.2800
2013-11-12,28.4600
2013-11-13,29.6700
2013-11-14,31.3900
2013-11-15,31.3200
2013-11-18,31.4800
2013-11-19,30.7700
2013-11-20,30.4400
2013-11-21,30.1200
2013-11-22,30.2000
2013-11-25,31.2700
2013-11-26,31.8000
2013-11-27,32.7200
2013-11-29,32.4700
2013-12-02,32.2300
2013-12-03,31.9100
2013-12-04,32.1600
2013-12-05,31.5700
2013-12-06,32.1300
2013-12-09,32.2800
2013-12-10,31.9400
2013-12-11,29.9600
2013-12-12,29.5000
2013-12-13,30.1500
2013-12-16,30.4000
2013-12-17,30.0400
2013-12-18,30.3100
2013-12-19,30.0400
2013-12-20,30.3500
2013-12-23,30.5700
2013-12-24,30.4900
2013-12-26,30.1900
2013-12-27,30.4300
2013-12-30,30.6500
2013-12-31,30.8000
2014-01-02,29.5700
2014-01-03,29.8500
2014-01-06,29.4600
2014-01-07,29.5300
2014-01-08,30.1000
2014-01-09,29.9600
2014-01-10,30.3300
2014-01-13,30.5700
2014-01-14,31.0000
2014-01-15,30.8800
2014-01-16,30.0700
2014-01-17,30.2900
2014-01-21,30.7600
2014-01-22,31.3300
2014-01-23,30.4700
2014-01-24,28.8400
2014-01-27,27.2500
2014-01-28,28.8600
2014-01-29,28.1000
2014-01-30,28.3600
2014-01-31,27.8500
2014-02-03,26.7400
2014-02-04,27.8000
2014-02-05,28.0100
2014-02-06,28.8200
2014-02-07,28.9900
2014-02-10,30.6200
2014-02-11,30.6200
2014-02-12,30.7600
2014-02-13,31.0400
2014-02-14,32.2700
2014-02-18,31.8500
2014-02-19,31.8200
2014-02-20,32.3000
2014-02-21,32.8200
2014-02-24,32.7800
2014-02-25,32.7600
2014-02-26,33.8200
2014-02-27,35.0500
2014-02-28,34.8800
2014-03-03,34.4700
2014-03-04,34.9800
2014-03-05,34.6300
2014-03-06,34.6900
2014-03-07,34.0100
2014-03-10,34.0800
2014-03-11,33.5900
2014-03-12,33.1100
2014-03-13,32.4800
2014-03-14,32.7000
2014-03-17,33.4400
2014-03-18,33.1900
2014-03-19,32.6000
2014-03-20,33.0000
2014-03-21,33.1000
2014-03-24,33.1600
2014-03-25,33.9600
2014-03-26,34.7000
2014-03-27,34.2100
2014-03-28,34.5800
2014-03-31,35.4100
2014-04-01,36.0500
2014-04-02,36.8000
2014-04-03,36.3400
2014-04-04,36.0200
2014-04-07,36.3000
2014-04-08,36.8000
2014-04-09,37.9600
2014-04-10,37.8100
2014-04-11,37.4000
2014-04-14,38.3000
2014-04-15,36.6200
2014-04-16,37.3400
2014-04-17,37.4500
2014-04-21,37.9800
2014-04-22,38.0200
2014-04-23,37.6800
2014-04-24,37.8300
2014-04-25,37.3200
2014-04-28,37.1700
2014-04-29,37.1700
2014-04-30,37.4200
2014-05-01,37.3200
2014-05-02,37.4200
2014-05-05,37.3200
2014-05-06,37.7500
2014-05-07,38.1200
2014-05-08,38.2800
2014-05-09,38.4400
2014-05-12,40.5300
2014-05-13,39.0400
2014-05-14,39.5600
2014-05-15,39.6100
2014-05-16,40.6800
2014-05-19,40.9400
2014-05-20,40.7800
2014-05-21,40.7400
2014-05-22,39.3300
2014-05-23,40.7000
2014-05-27,39.7200
2014-05-28,38.7200
2014-05-29,37.6700
2014-05-30,37.2400
2014-06-02,37.5200
2014-06-03,37.6400
2014-06-04,37.4200
2014-06-05,38.8200
2014-06-06,39.5300
2014-06-09,39.9100
2014-06-10,39.6500
2014-06-11,39.2800
2014-06-12,39.1300
2014-06-13,38.1900
2014-06-16,38.7500
2014-06-17,39.3900
2014-06-18,39.5300
2014-06-19,39.4700
2014-06-20,38.8600
2014-06-23,39.0200
2014-06-24,39.6800
2014-06-25,39.3800
2014-06-26,39.1400
2014-06-27,38.6700
2014-06-30,39.0600
2014-07-01,40.4700
2014-07-02,41.1500
2014-07-03,42.1400
2014-07-07,41.9500
2014-07-08,41.1800
2014-07-09,41.5300
2014-07-10,40.8200
2014-07-11,40.6000
2014-07-14,41.0300
2014-07-15,41.5800
2014-07-16,41.6900
2014-07-17,41.6400
2014-07-18,42.0100
2014-07-21,41.6400
2014-07-22,42.6300
2014-07-23,42.1900
2014-07-24,41.5200
2014-07-25,40.5200
2014-07-28,40.4300
2014-07-29,40.1900
2014-07-30,39.7100
2014-07-31,39.1520
2014-08-01,39.1100
2014-08-04,39.7000
2014-08-05,39.5600
2014-08-06,38.8300
2014-08-07,38.6500
2014-08-08,38.2400
2014-08-11,41.1100
2014-08-12,41.8400
2014-08-13,42.2000
2014-08-14,43.8200
2014-08-15,44.2700
2014-08-18,45.5500
2014-08-19,46.0500
2014-08-20,46.7500
2014-08-21,46.7700
2014-08-22,46.7900
2014-08-25,46.7300
2014-08-26,47.2700
2014-08-27,48.0500
2014-08-28,47.5700
2014-08-29,48.1900
2014-09-02,48.3200
2014-09-03,48.1600
2014-09-04,48.2000
2014-09-05,47.5800
2014-09-08,47.8600
2014-09-09,47.1700
2014-09-10,46.9100
2014-09-11,47.1800
2014-09-12,47.2600
2014-09-15,46.9800
2014-09-16,46.0400
2014-09-17,46.1600
2014-09-18,46.7800
2014-09-19,46.7100
2014-09-22,47.5600
2014-09-23,45.4900
2014-09-24,44.9800
2014-09-25,42.8800
2014-09-26,44.6800
2014-09-29,43.5300
2014-09-30,43.7100
2014-10-01,44.1000
2014-10-02,44.5500
2014-10-03,45.0000
2014-10-06,44.1300
2014-10-07,43.6800
2014-10-08,44.9000
2014-10-09,44.0700
2014-10-10,42.7100
2014-10-13,42.9400
2014-10-14,43.3700
2014-10-15,43.5700
2014-10-16,41.7600
2014-10-17,42.5000
2014-10-20,44.3900
2014-10-21,45.8800
2014-10-22,45.2500
2014-10-23,45.4400
2014-10-24,45.5900
2014-10-27,44.8600
2014-10-28,46.6100
2014-10-29,45.8600
2014-10-30,46.5000
2014-10-31,47.1000
2014-11-03,45.8800
2014-11-04,46.2000
2014-11-05,46.7900
2014-11-06,47.5500
2014-11-07,46.5400
2014-11-10,46.5400
2014-11-11,46.0500
2014-11-12,46.8800
2014-11-13,46.5000
2014-11-14,45.2900
2014-11-17,47.6800
2014-11-18,47.1600
2014-11-19,46.7000
2014-11-20,46.8000
2014-11-21,47.5400
2014-11-24,46.4700
2014-11-25,46.0900
2014-11-26,44.8300
2014-11-28,45.6600
2014-12-01,45.6100
2014-12-02,45.9200
2014-12-03,47.0400
2014-12-04,45.3900
2014-12-05,45.9000
2014-12-08,45.3300
2014-12-09,43.6300
2014-12-10,43.4100
2014-12-11,43.5700
2014-12-12,42.6000
2014-12-15,41.3200
2014-12-16,40.0500
2014-12-17,40.5700
2014-12-18,42.0000
2014-12-19,41.3900
2014-12-22,42.0500
2014-12-23,41.4800
2014-12-24,41.1300
2014-12-26,41.3700
2014-12-29,42.3500
2014-12-30,42.6700
2014-12-31,42.2800
2015-01-02,43.8400
2015-01-05,43.0700
2015-01-06,40.8100
2015-01-07,42.3300
2015-01-08,44.7400
2015-01-09,43.8300
2015-01-12,43.6500
2015-01-13,44.5200
2015-01-14,43.5900
2015-01-15,45.1200
2015-01-16,45.2100
2015-01-20,46.0000
2015-01-21,46.7800
2015-01-22,48.8400
2015-01-23,50.7200
2015-01-26,51.4400
2015-01-27,50.6600
2015-01-28,50.0200
2015-01-29,51.1500
2015-01-30,49.3200
2015-02-02,50.7600
2015-02-03,51.4700
2015-02-04,50.5400
2015-02-05,47.8500
2015-02-06,46.6700
2015-02-09,46.4400
2015-02-10,47.7900
2015-02-11,47.7800
2015-02-12,47.9200
2015-02-13,48.3400
2015-02-17,48.6600
2015-02-18,48.9200
2015-02-19,49.2200
2015-02-20,49.5600
2015-02-23,48.9700
2015-02-24,48.2800
2015-02-25,48.4300
2015-02-26,48.6500
2015-02-27,49.2200
2015-03-02,48.9100
2015-03-03,47.6100
2015-03-04,48.3500
2015-03-05,48.4500
2015-03-06,47.7000
2015-03-09,47.5000
2015-03-10,46.9300
2015-03-11,46.5200
2015-03-12,47.5700
2015-03-13,46.8600
2015-03-16,46.9100
2015-03-17,47.5400
2015-03-18,47.7700
2015-03-19,46.4000
2015-03-20,46.9000
2015-03-23,46.7200
2015-03-24,45.5700
2015-03-25,44.1500
2015-03-26,43.3400
2015-03-27,44.0000
2015-03-30,44.5200
2015-03-31,45.0600
2015-04-01,45.9900
2015-04-02,45.5900
2015-04-06,46.3500
2015-04-07,45.8900
2015-04-08,45.6300
2015-04-09,45.2700
2015-04-10,45.5900
2015-04-13,44.2100
2015-04-14,44.5300
2015-04-15,43.9000
2015-04-16,44.0100
2015-04-17,43.3100
2015-04-20,42.6200
2015-04-21,42.4200
2015-04-22,42.5300
2015-04-23,41.7600
2015-04-24,42.1100
2015-04-27,42.4100
2015-04-28,42.8800
2015-04-29,42.2400
2015-04-30,41.1900
2015-05-01,41.3100
2015-05-04,41.1800
2015-05-05,40.9500
2015-05-06,40.0800
2015-05-07,39.9600
2015-05-08,42.6300
2015-05-11,42.0400
2015-05-12,41.4100
2015-05-13,41.7000
2015-05-14,42.2500
2015-05-15,42.4200
2015-05-18,41.7000
2015-05-19,41.0600
2015-05-20,40.9500
2015-05-21,41.1900
2015-05-22,41.1700
2015-05-26,37.8400
2015-05-27,37.9000
2015-05-28,38.6000
2015-05-29,38.3000
2015-06-01,37.9100
2015-06-02,37.2500
2015-06-03,36.7900
2015-06-04,36.0900
2015-06-05,34.9700
2015-06-08,34.6400
2015-06-09,34.5800
2015-06-10,35.3400
2015-06-11,34.6100
2015-06-12,34.3300
2015-06-15,34.3800
2015-06-16,34.5600
2015-06-17,34.7300
2015-06-18,35.3700
2015-06-19,34.7700
2015-06-22,35.5700
2015-06-23,35.2300
2015-06-24,34.9900
2015-06-25,34.9800
2015-06-26,34.9000
2015-06-29,34.0100
2015-06-30,34.4700
2015-07-01,34.5600
2015-07-02,34.3500
2015-07-06,33.8100
2015-07-07,33.0600
2015-07-08,30.8200
2015-07-09,31.1400
2015-07-10,31.5100
2015-07-13,31.6600
2015-07-14,30.7400
2015-07-15,30.8400
2015-07-16,31.1200
2015-07-17,31.1000
2015-07-20,30.5000
2015-07-21,30.6600
2015-07-22,30.1900
2015-07-23,30.4900
2015-07-24,29.7300
2015-07-27,28.7200
2015-07-28,28.8500
2015-07-29,29.2100
2015-07-30,29.4400
2015-07-31,29.6600
2015-08-03,29.6800
2015-08-04,28.9000
2015-08-05,29.2600
2015-08-06,29.6900
2015-08-07,29.9600
2015-08-10,30.3100
2015-08-11,28.4600
2015-08-12,27.4500
2015-08-13,26.8200
2015-08-14,26.8900
2015-08-17,27.0100
2015-08-18,26.7700
2015-08-19,26.5100
2015-08-20,25.6700
2015-08-21,24.4600
2015-08-24,22.4900
2015-08-25,23.5000
2015-08-26,24.6000
2015-08-27,25.4100
2015-08-28,25.6500
2015-08-31,25.3200
2015-09-01,24.2400
2015-09-02,24.4100
2015-09-03,25.0600
2015-09-04,24.1500
2015-09-08,24.8300
2015-09-09,25.3200
2015-09-10,25.9900
2015-09-11,25.7000
2015-09-14,25.7200
2015-09-15,25.3500
2015-09-16,25.8400
2015-09-17,25.7900
2015-09-18,25.0000
2015-09-21,25.0600
2015-09-22,23.6000
2015-09-23,23.2100
2015-09-24,22.9300
2015-09-25,22.8800
2015-09-28,21.7300
2015-09-29,21.8100
2015-09-30,22.5000
2015-10-01,22.3300
2015-10-02,23.3600
2015-10-05,24.6600
2015-10-06,25.2600
2015-10-07,26.4800
2015-10-08,26.6700
2015-10-09,27.4300
2015-10-12,27.4200
2015-10-13,27.3800
2015-10-14,27.3600
2015-10-15,29.4200
2015-10-16,29.2300
2015-10-19,29.1700
2015-10-20,28.9000
2015-10-21,28.7800
2015-10-22,29.1000
2015-10-23,29.7000
2015-10-26,29.4800
2015-10-27,29.1400
2015-10-28,29.6200
2015-10-29,29.5800
2015-10-30,29.5700
2015-11-02,29.5800
2015-11-03,29.8800
2015-11-04,30.3600
2015-11-05,30.1300
2015-11-06,30.0000
2015-11-09,30.4500
2015-11-10,30.6100
2015-11-11,31.0600
2015-11-12,30.3400
2015-11-13,30.0100
2015-11-16,30.5100
2015-11-17,30.7100
2015-11-18,30.6600
2015-11-19,30.7200
2015-11-20,30.4800
2015-11-23,30.3200
2015-11-24,30.1000
2015-11-25,30.0000
2015-11-27,31.0300
2015-11-30,31.5700
2015-12-01,30.8900
2015-12-02,30.3600
2015-12-03,29.7400
2015-12-04,29.9500
2015-12-07,29.2700
2015-12-08,29.7800
2015-12-09,29.2300
2015-12-10,29.2100
2015-12-11,27.1500
2015-12-14,27.2100
2015-12-15,27.8600
2015-12-16,28.8900
2015-12-17,28.4300
2015-12-18,28.6400
2015-12-21,28.6300
2015-12-22,28.4700
2015-12-23,28.7000
2015-12-24,28.9300
2015-12-28,29.4700
2015-12-29,29.5200
2015-12-30,29.4100
2015-12-31,29.4700
2016-01-04,28.3300
2016-01-05,27.6700
2016-01-06,26.9200
2016-01-07,25.2700
2016-01-08,25.5800
2016-01-11,26.4500
2016-01-12,26.8000
2016-01-13,26.6400
2016-01-14,26.0800
2016-01-15,24.8400
2016-01-19,25.6100
2016-01-20,24.4700
2016-01-21,24.4600
2016-01-22,25.1200
2016-01-25,24.4900
2016-01-26,25.2200
2016-01-27,24.7300
2016-01-28,23.9800
2016-01-29,24.9800
2016-02-01,25.5000
2016-02-02,24.1500
2016-02-03,24.2200
2016-02-04,24.6900
2016-02-05,24.6200
2016-02-08,23.7900
2016-02-09,22.9600
2016-02-10,22.4100
2016-02-11,20.5600
2016-02-12,21.5400
2016-02-16,22.1300
2016-02-17,22.9600
2016-02-18,23.0900
2016-02-19,23.1800
2016-02-22,23.9600
2016-02-23,23.0400
2016-02-24,23.0700
2016-02-25,22.2900
2016-02-26,22.3500
2016-02-29,22.2300
2016-03-01,23.7300
2016-03-02,23.8300
2016-03-03,25.7100
2016-03-04,25.7600
2016-03-07,26.1900
2016-03-08,25.1800
2016-03-09,25.7800
2016-03-10,25.7600
2016-03-11,26.8600
2016-03-14,27.1700
2016-03-15,26.4600
2016-03-16,27.0400
2016-03-17,27.1300
2016-03-18,27.6200
2016-03-21,28.0800
2016-03-22,28.0800
2016-03-23,27.5200
2016-03-24,27.5900
2016-03-28,27.3100
2016-03-29,28.6700
2016-03-30,29.0300
2016-03-31,29.0500
2016-04-01,28.7200
2016-04-04,28.9500
2016-04-05,27.8200
2016-04-06,28.0600
2016-04-07,27.7100
2016-04-08,28.0600
2016-04-11,29.0800
2016-04-12,29.7000
2016-04-13,31.0600
2016-04-14,30.8400
2016-04-15,31.0200
2016-04-18,30.5400
2016-04-19,30.7900
2016-04-20,30.8000
2016-04-21,30.8900
2016-04-22,31.3000
2016-04-25,30.5600
2016-04-26,31.5500
2016-04-27,31.3700
2016-04-28,30.7100
2016-04-29,30.3800
2016-05-02,30.5000
2016-05-03,30.1000
2016-05-04,28.3800
2016-05-05,29.0200
2016-05-06,29.5800
2016-05-09,29.4900
2016-05-10,29.0500
2016-05-11,28.1500
2016-05-12,28.7700
2016-05-13,28.7700
2016-05-16,29.3000
2016-05-17,28.2300
2016-05-18,28.5900
2016-05-19,28.4400
2016-05-20,28.7400
2016-05-23,28.0500
2016-05-24,29.1500
2016-05-25,29.8200
2016-05-26,29.7300
2016-05-27,29.8000
2016-05-31,33.4900
2016-06-01,33.3200
2016-06-02,34.1700
2016-06-03,34.2800
2016-06-06,34.9200
2016-06-07,35.2500
2016-06-08,35.6000
2016-06-09,35.1800
2016-06-10,34.1300
2016-06-13,33.5600
2016-06-14,33.3700
2016-06-15,33.9400
2016-06-16,34.3300
2016-06-17,34.8300
2016-06-20,35.6700
2016-06-21,35.8500
2016-06-22,35.8500
2016-06-23,36.7900
2016-06-24,33.8900
2016-06-27,32.2200
2016-06-28,33.3700
2016-06-29,33.6600
2016-06-30,34.6700
2016-07-01,34.7400
2016-07-05,33.9700
2016-07-06,34.1800
2016-07-07,34.5600
2016-07-08,35.3800
2016-07-11,36.2700
2016-07-12,36.3200
2016-07-13,35.9200
2016-07-14,36.1300
2016-07-15,36.5500
2016-07-18,36.8700
2016-07-19,36.7700
2016-07-20,36.8200
2016-07-21,36.8100
2016-07-22,37.3400
2016-07-25,37.0800
2016-07-26,37.5300
2016-07-27,37.6300
2016-07-28,37.5000
2016-07-29,37.8300
2016-08-01,37.9900
2016-08-02,36.7600
2016-08-03,36.9100
2016-08-04,38.1300
2016-08-05,39.0000
2016-08-08,38.9900
2016-08-09,38.8500
2016-08-10,37.7500
2016-08-11,38.1800
2016-08-12,38.6900
2016-08-15,38.4600
2016-08-16,38.6300
2016-08-17,38.5900
2016-08-18,38.7300
2016-08-19,38.2700
2016-08-22,37.9500
2016-08-23,37.7700
2016-08-24,37.1800
2016-08-25,37.9300
2016-08-26,38.7600
2016-08-29,39.8000
2016-08-30,39.8300
2016-08-31,40.7700
2016-09-01,41.2400
2016-09-02,42.2300
2016-09-06,44.2400
2016-09-07,44.2900
2016-09-08,43.7600
2016-09-09,42.1700
2016-09-12,42.5600
2016-09-13,41.5600
2016-09-14,41.8600
2016-09-15,41.8900
2016-09-16,41.3200
2016-09-19,41.5300
2016-09-20,40.9900
2016-09-21,41.5100
2016-09-22,41.7300
2016-09-23,41.0300
2016-09-26,39.8800
2016-09-27,39.9800
2016-09-28,40.5900
2016-09-29,39.3200
2016-09-30,39.9800
2016-10-03,40.9900
2016-10-04,40.8400
2016-10-05,42.0900
2016-10-06,41.5000
2016-10-07,42.1800
2016-10-10,42.0700
2016-10-11,41.7300
2016-10-12,41.4500
2016-10-13,40.4900
2016-10-14,41.2700
2016-10-17,40.7600
2016-10-18,41.0600
2016-10-19,41.3200
2016-10-20,40.8300
2016-10-21,40.4500
2016-10-24,41.0100
2016-10-25,40.6100
2016-10-26,38.9000
2016-10-27,39.0400
2016-10-28,39.5700
2016-10-31,39.4100
2016-11-01,39.0600
2016-11-02,37.8600
2016-11-03,37.7900
2016-11-04,37.8100
2016-11-07,39.1000
2016-11-08,40.3100
2016-11-09,39.8100
2016-11-10,39.1900
2016-11-11,37.4200
2016-11-14,35.0200
2016-11-15,34.4000
2016-11-16,33.8400
2016-11-17,34.2200
2016-11-18,34.0900
2016-11-21,33.9400
2016-11-22,33.9700
2016-11-23,33.5100
2016-11-25,33.4300
2016-11-28,32.7300
2016-11-29,33.1700
2016-11-30,33.0700
2016-12-01,32.4100
2016-12-02,32.0000
2016-12-05,32.2000
2016-12-06,32.4100
2016-12-07,33.3300
2016-12-08,34.3800
2016-12-09,33.9800
2016-12-12,35.0400
2016-12-13,34.6000
2016-12-14,34.0800
2016-12-15,34.1600
2016-12-16,34.5900
2016-12-19,34.5600
2016-12-20,34.5500
2016-12-21,34.7600
2016-12-22,34.2900
2016-12-23,34.0500
2016-12-27,34.2000
2016-12-28,33.4800
2016-12-29,34.2400
2016-12-30,34.3900
2017-01-03,35.5200
2017-01-04,35.9500
2017-01-05,36.6000
2017-01-06,36.3400
2017-01-09,37.2600
2017-01-10,38.1500
2017-01-11,38.5100
2017-01-12,37.9400
2017-01-13,38.0400
2017-01-17,38.2100
2017-01-18,38.3500
2017-01-19,38.7600
2017-01-20,38.4200
2017-01-23,39.0500
2017-01-24,40.0100
2017-01-25,40.1200
2017-01-26,40.0900
2017-01-27,39.9100
2017-01-30,38.8000
2017-01-31,38.9600
2017-02-01,39.5800
2017-02-02,39.1900
2017-02-03,38.8600
2017-02-06,38.7700
2017-02-07,37.6200
2017-02-08,38.1300
2017-02-09,38.0400
2017-02-10,38.0900
2017-02-13,37.4200
2017-02-14,33.4100
2017-02-15,32.3900
2017-02-16,33.0500
2017-02-17,33.4600
2017-02-21,34.5000
2017-02-22,34.5300
2017-02-23,34.3900
2017-02-24,34.3200
2017-02-27,34.0000
2017-02-28,33.5900
2017-03-01,33.8400
2017-03-02,34.6400
2017-03-03,34.8100
2017-03-06,34.8100
2017-03-07,34.6600
2017-03-08,34.5900
2017-03-09,34.7300
2017-03-10,35.1600
2017-03-13,36.1100
2017-03-14,35.8800
2017-03-15,36.4600
2017-03-16,36.7000
2017-03-17,36.4000
2017-03-20,36.6200
2017-03-21,35.7600
2017-03-22,35.5500
2017-03-23,35.7100
2017-03-24,35.7400
2017-03-27,36.0500
2017-03-28,36.1800
2017-03-29,35.7700
2017-03-30,35.8000
2017-03-31,35.6500
2017-04-03,35.4100
2017-04-04,35.4000
2017-04-05,35.8200
2017-04-06,36.0600
2017-04-07,36.0900
2017-04-10,36.5900
2017-04-11,35.8900
2017-04-12,35.4300
2017-04-13,34.7200
2017-04-17,34.9000
2017-04-18,33.8200
2017-04-19,34.0000
2017-04-20,34.1900
2017-04-21,33.7200
2017-04-24,34.1800
2017-04-25,34.6600
2017-04-26,35.3000
2017-04-27,35.5400
2017-04-28,35.6700
2017-05-01,35.1700
2017-05-02,34.8100
2017-05-03,34.7000
2017-05-04,33.9200
2017-05-05,32.7300
2017-05-08,32.7700
2017-05-09,32.7700
2017-05-10,33.4900
2017-05-11,33.4500
2017-05-12,33.7600
2017-05-15,33.9000
2017-05-16,34.1800
2017-05-17,34.2100
2017-05-18,33.8800
2017-05-19,34.4500
2017-05-22,34.9000
2017-05-23,36.8100
2017-05-24,35.8100
2017-05-25,36.5600
2017-05-26,37.0700
2017-05-30,36.8500
2017-05-31,36.8300
2017-06-01,37.1200
2017-06-02,37.3100
2017-06-05,37.0000
2017-06-06,35.8500
2017-06-07,35.6000
2017-06-08,35.7100
2017-06-09,35.5300
2017-06-12,35.0100
2017-06-13,35.0200
2017-06-14,35.1200
2017-06-15,34.8100
2017-06-16,34.8800
2017-06-19,35.1700
2017-06-20,35.6200
2017-06-21,35.0200
2017-06-22,34.9600
2017-06-23,34.0000
2017-06-26,34.1400
2017-06-27,33.9700
2017-06-28,34.1300
2017-06-29,33.3300
2017-06-30,33.0100
2017-07-03,33.2500
2017-07-05,33.3800
2017-07-06,33.1600
2017-07-07,33.5100
2017-07-10,34.4400
2017-07-11,34.8900
2017-07-12,35.5500
2017-07-13,35.3600
2017-07-14,35.3600
2017-07-17,35.1900
2017-07-18,35.0000
2017-07-19,35.9000
2017-07-20,35.4400
2017-07-21,35.6900
2017-07-24,35.6100
2017-07-25,35.2600
2017-07-26,35.5500
2017-07-27,34.4900
2017-07-28,34.6000
2017-07-31,34.4400
2017-08-01,34.8700
2017-08-02,34.7400
2017-08-03,34.4600
2017-08-04,34.8200
2017-08-07,33.9600
2017-08-08,33.5300
2017-08-09,31.5000
2017-08-10,29.3900
2017-08-11,29.4000
2017-08-14,29.7500
2017-08-15,29.4600
2017-08-16,30.0500
2017-08-17,29.4400
2017-08-18,29.3200
2017-08-21,29.0300
2017-08-22,29.2800
2017-08-23,29.8500
2017-08-24,29.9300
2017-08-25,29.9900
2017-08-28,29.8200
2017-08-29,29.6800
2017-08-30,29.8400
2017-08-31,29.8600
2017-09-01,30.5400
2017-09-05,30.1500
2017-09-06,30.2100
2017-09-07,29.7900
2017-09-08,29.6400
2017-09-11,29.7400
2017-09-12,30.5900
2017-09-13,30.4800
2017-09-14,31.1400
2017-09-15,31.2800
2017-09-18,31.8200
2017-09-19,32.2200
2017-09-20,31.8400
2017-09-21,31.7800
2017-09-22,31.7500
2017-09-25,31.0900
2017-09-26,31.3200
2017-09-27,30.6800
2017-09-28,30.5300
2017-09-29,31.2700
2017-10-02,31.7200
2017-10-03,31.9800
2017-10-04,32.2100
2017-10-05,32.2700
2017-10-06,32.2400
2017-10-09,32.2700
2017-10-10,32.2700
2017-10-11,31.7800
2017-10-12,32.1100
2017-10-13,32.7900
2017-10-16,33.2800
2017-10-17,32.8200
2017-10-18,32.8600
2017-10-19,32.9500
2017-10-20,32.7500
2017-10-23,32.1600
2017-10-24,32.1900
2017-10-25,32.1200
2017-10-26,32.2800
2017-10-27,32.7600
2017-10-30,33.3300
2017-10-31,32.7600
2017-11-01,32.9900
2017-11-02,33.2100
2017-11-03,33.8200
2017-11-06,35.0000
2017-11-07,33.4200
2017-11-08,33.6900
2017-11-09,33.0600
2017-11-10,32.3200
2017-11-13,31.9900
2017-11-14,31.6200
2017-11-15,31.4100
2017-11-16,31.8100
2017-11-17,32.4800
2017-11-20,32.3600
2017-11-21,32.7200
2017-11-22,32.8900
2017-11-24,32.7400
2017-11-27,32.1900
2017-11-28,32.1900
2017-11-29,31.5600
2017-11-30,31.1900
2017-12-01,30.7700
2017-12-04,31.1300
2017-12-05,31.1100
2017-12-06,30.6000
2017-12-07,31.0900
2017-12-08,31.5800
2017-12-11,31.8400
2017-12-12,31.5100
2017-12-13,31.2400
2017-12-14,31.3700
2017-12-15,31.3600
2017-12-18,31.6400
2017-12-19,32.5500
2017-12-20,32.7300
2017-12-21,32.8300
2017-12-22,32.8300
2017-12-26,32.9800
2017-12-27,32.6300
2017-12-28,32.3200
2017-12-29,33.0700
2018-01-02,34.3200
2018-01-03,33.9300
2018-01-04,33.6900
2018-01-05,33.8700
2018-01-08,34.0500
2018-01-09,34.2400
2018-01-10,33.7500
2018-01-11,34.2900
2018-01-12,34.3200
2018-01-16,33.1100
2018-01-17,33.0600
2018-01-18,32.6100
2018-01-19,33.1000
2018-01-22,32.8800
2018-01-23,32.3400
2018-01-24,31.5600
2018-01-25,31.0400
2018-01-26,31.3700
2018-01-29,31.2100
2018-01-30,31.0600
2018-01-31,30.9600
2018-02-01,30.8700
2018-02-02,29.7500
2018-02-05,28.1600
2018-02-06,29.2600
2018-02-07,29.1100
2018-02-08,28.3000
2018-02-09,28.4200
2018-02-12,28.6700
2018-02-13,28.6300
2018-02-14,29.2800
2018-02-15,29.2400
2018-02-16,28.8100
2018-02-20,28.6200
2018-02-21,27.9700
2018-02-22,27.7000
2018-02-23,28.0300
2018-02-26,28.9800
2018-02-27,28.3800
2018-02-28,28.0200
2018-03-01,27.9800
2018-03-02,27.9700
2018-03-05,27.2800
2018-03-06,27.1000
2018-03-07,26.8900
2018-03-08,26.8000
2018-03-09,26.7800
2018-03-12,27.1800
2018-03-13,27.3500
2018-03-14,27.2400
2018-03-15,27.0300
2018-03-16,26.4400
2018-03-19,25.7700
2018-03-20,25.7200
2018-03-21,25.8000
2018-03-22,25.5000
2018-03-23,24.9000
2018-03-26,25.4000
2018-03-27,25.6300
2018-03-28,25.4200
2018-03-29,25.7000
2018-04-02,25.6700
2018-04-03,26.2500
2018-04-04,27.4000
2018-04-05,27.6200
2018-04-06,27.3400
2018-04-09,27.2400
2018-04-10,27.2000
2018-04-11,27.1900
2018-04-12,27.1700
2018-04-13,26.7200
2018-04-16,26.1500
2018-04-17,25.6900
2018-04-18,25.5700
2018-04-19,25.1300
2018-04-20,24.8500
2018-04-23,24.8500
2018-04-24,24.6400
2018-04-25,24.3600
2018-04-26,24.6700
2018-04-27,25.0200
2018-04-30,25.1200
2018-05-01,25.4000
2018-05-02,25.0700
2018-05-03,24.7300
2018-05-04,25.0600
2018-05-07,24.9900
2018-05-08,24.7100
2018-05-09,25.1000
2018-05-10,24.6200
2018-05-11,24.3000
2018-05-14,23.7600
2018-05-15,22.6900
2018-05-16,22.9100
2018-05-17,23.0200
2018-05-18,22.3200
2018-05-21,22.0300
2018-05-22,22.9100
2018-05-23,22.3900
2018-05-24,21.0900
2018-05-25,21.3100
2018-05-29,21.1800
2018-05-30,21.0900
2018-05-31,20.8800
2018-06-01,21.4200
2018-06-04,21.2600
2018-06-05,21.3500
2018-06-06,22.1600
2018-06-07,22.3300
2018-06-08,22.6600
2018-06-11,22.7700
2018-06-12,22.7900
2018-06-13,22.6000
2018-06-14,22.3200
2018-06-15,22.1500
2018-06-18,22.6500
2018-06-19,22.1200
2018-06-20,22.3700
2018-06-21,22.1900
2018-06-22,22.2500
2018-06-25,20.8600
2018-06-26,20.2400
2018-06-27,19.6000
2018-06-28,19.2500
2018-06-29,19.5500
2018-07-02,19.8000
2018-07-03,19.6600
2018-07-05,19.3300
2018-07-06,19.8900
2018-07-09,20.0800
2018-07-10,20.1700
2018-07-11,19.4600
2018-07-12,19.5000
2018-07-13,19.2100
2018-07-16,18.5000
2018-07-17,18.8700
2018-07-18,18.4900
2018-07-19,18.4000
2018-07-20,18.3900
2018-07-23,18.5900
2018-07-24,18.7800
2018-07-25,19.1700
2018-07-26,18.7400
2018-07-27,19.2500
2018-07-30,19.3900
2018-07-31,18.2000
2018-08-01,19.0400
2018-08-02,19.0000
2018-08-03,18.8500
2018-08-06,18.6000
2018-08-07,18.2700
2018-08-08,18.4900
2018-08-09,18.4300
2018-08-10,17.8700
2018-08-13,17.4200
2018-08-14,17.4300
2018-08-15,17.1800
2018-08-16,17.7500
2018-08-17,18.3700
2018-08-20,19.1000
2018-08-21,19.1600
2018-08-22,18.9500
2018-08-23,18.1800
2018-08-24,18.3500
2018-08-27,18.6700
2018-08-28,18.5800
2018-08-29,18.5000
2018-08-30,18.0500
2018-08-31,18.5500
2018-09-04,18.3000
2018-09-05,18.4200
2018-09-06,18.4500
2018-09-07,18.8400
2018-09-10,18.7700
2018-09-11,18.3300
2018-09-12,18.3200
2018-09-13,18.2500
2018-09-14,18.0400
2018-09-17,17.6700
2018-09-18,17.5100
2018-09-19,17.8200
2018-09-20,17.8300
2018-09-21,17.1400
2018-09-24,16.5400
2018-09-25,16.4700
2018-09-26,16.1700
2018-09-27,15.5800
2018-09-28,15.3600
2018-10-01,15.5700
2018-10-02,15.5200
2018-10-03,15.3800
2018-10-04,14.9300
2018-10-05,14.5200
2018-10-08,14.3600
2018-10-09,12.7800
2018-10-10,12.1800
2018-10-11,12.0800
2018-10-12,12.3700
2018-10-15,12.4700
2018-10-16,12.6500
2018-10-17,12.0600
2018-10-18,11.8400
2018-10-19,11.8900
2018-10-22,11.6100
2018-10-23,11.8700
2018-10-24,11.3900
2018-10-25,11.6700
2018-10-26,11.5900
2018-10-29,11.9200
2018-10-30,12.0900
2018-10-31,12.2100
2018-11-01,12.6500
2018-11-02,12.7600
2018-11-05,12.9300
2018-11-06,13.0100
2018-11-07,13.1800
2018-11-08,13.0500
2018-11-09,13.1100
2018-11-12,12.1200
2018-11-13,12.1800
2018-11-14,12.2600
2018-11-15,12.5700
2018-11-16,12.5600
2018-11-19,12.7900
2018-11-20,12.6200
2018-11-21,13.0200
2018-11-23,12.8900
2018-11-26,12.8500
2018-11-27,12.6600
2018-11-28,12.5100
2018-11-29,12.4700
2018-11-30,12.2000
2018-12-03,12.4000
2018-12-04,12.0900
2018-12-06,11.4600
2018-12-07,11.2600
2018-12-10,10.6700
2018-12-11,10.8000
2018-12-12,11.5100
2018-12-13,11.5800
2018-12-14,11.5300
2018-12-17,12.0000
2018-12-18,12.2600
2018-12-19,11.9200
2018-12-20,12.4300
2018-12-21,12.3700
2018-12-24,12.0700
2018-12-26,12.3100
2018-12-27,12.0800
2018-12-28,12.3100
2018-12-31,12.1800
2019-01-02,12.0600
2019-01-03,11.7100
2019-01-04,12.5400
2019-01-07,12.7500
2019-01-08,12.9600
2019-01-09,13.1900
2019-01-10,13.3700
2019-01-11,12.8500
2019-01-14,12.7500
2019-01-15,12.9900
2019-01-16,13.0700
2019-01-17,12.9800
2019-01-18,12.9600
2019-01-22,12.4800
2019-01-23,12.6400
2019-01-24,12.2600
2019-01-25,12.3700
2019-01-28,12.2100
2019-01-29,12.3300
2019-01-30,12.5800
2019-01-31,13.0700
2019-02-01,12.9000
2019-02-04,12.6200
2019-02-05,12.3200
2019-02-06,12.5900
2019-02-07,11.4000
2019-02-08,10.5100
2019-02-11,10.6100
2019-02-12,10.8300
2019-02-13,11.0000
2019-02-14,11.2300
2019-02-15,11.2600
2019-02-19,11.5700
2019-02-20,11.7700
2019-02-21,11.8000
2019-02-22,12.3900
2019-02-25,12.4100
2019-02-26,12.8500
2019-02-27,12.3700
2019-02-28,12.5000
2019-03-01,13.0400
2019-03-04,12.9100
2019-03-05,13.7100
2019-03-06,13.5700
2019-03-07,13.3000
2019-03-08,12.9000
2019-03-11,13.0900
2019-03-12,13.1500
2019-03-13,13.1000
2019-03-14,12.8900
2019-03-15,12.9100
2019-03-18,13.1900
2019-03-19,13.2200
2019-03-20,13.0600
2019-03-21,13.1100
2019-03-22,12.4200
2019-03-25,12.2800
2019-03-26,12.5400
2019-03-27,12.1700
2019-03-28,12.2800
2019-03-29,12.5600
2019-04-01,13.8500
2019-04-02,14.4100
2019-04-03,14.6800
2019-04-04,15.0000
2019-04-05,14.9500
2019-04-08,14.5000
2019-04-09,14.7600
2019-04-10,15.7600
2019-04-11,15.5900
2019-04-12,15.9400
2019-04-15,16.4100
2019-04-16,16.3400
2019-04-17,16.6900
2019-04-18,17.1000
2019-04-22,16.7400
2019-04-23,16.4800
2019-04-24,15.8400
2019-04-25,15.6700
2019-04-26,15.6700
2019-04-29,15.6000
2019-04-30,15.4000
2019-05-01,15.1400
2019-05-02,14.9000
2019-05-03,15.1300
2019-05-06,14.5500
2019-05-07,13.5800
2019-05-08,13.4100
2019-05-09,13.3600
2019-05-10,13.5200
2019-05-13,12.7400
2019-05-14,13.1100
2019-05-15,12.6200
2019-05-16,12.6300
2019-05-17,12.4000
2019-05-20,13.1000
2019-05-21,12.8100
2019-05-22,12.5700
2019-05-23,12.5400
2019-05-24,12.9500
2019-05-28,12.7000
2019-05-29,12.6800
2019-05-30,12.7100
2019-05-31,12.5100
2019-06-03,12.6800
2019-06-04,12.6800
2019-06-05,12.5000
2019-06-06,12.2800
2019-06-07,12.2900
2019-06-10,11.8200
2019-06-11,12.3500
2019-06-12,12.0500
2019-06-13,11.9500
2019-06-14,11.5900
2019-06-17,11.3700
2019-06-18,11.7000
2019-06-19,11.2100
2019-06-20,11.4900
2019-06-21,11.4300
2019-06-24,11.3900
2019-06-25,11.4400
2019-06-26,11.6200
2019-06-27,11.9200
2019-06-28,11.6800
2019-07-01,12.0800
2019-07-02,11.7800
2019-07-03,11.7700
2019-07-05,11.6400
2019-07-08,11.2200
2019-07-09,11.2500
2019-07-10,11.1400
2019-07-11,11.3400
2019-07-12,11.5700
2019-07-15,11.6600
2019-07-16,12.1800
2019-07-17,12.0500
2019-07-18,11.6800
2019-07-19,11.2800
2019-07-22,11.2100
2019-07-23,11.2600
2019-07-24,11.0100
2019-07-25,10.6000
2019-07-26,10.5700
2019-07-29,9.9400
2019-07-30,9.6900
2019-07-31,9.7100
2019-08-01,9.2400
2019-08-02,9.2000
2019-08-05,8.6900
2019-08-06,8.5500
2019-08-07,8.3300
2019-08-08,8.7500
2019-08-09,8.5600
2019-08-12,8.4700
2019-08-13,8.6300
2019-08-14,8.3000
2019-08-15,8.2800
2019-08-16,8.5600
2019-08-19,8.3800
2019-08-20,8.4700
2019-08-21,7.8500
2019-08-22,7.6100
2019-08-23,7.7200
2019-08-26,7.8500
2019-08-27,8.4300
2019-08-28,8.2400
2019-08-29,8.0600
2019-08-30,8.2200
2019-09-03,7.8400
2019-09-04,7.7100
2019-09-05,8.3800
2019-09-06,8.5200
2019-09-09,8.7900
2019-09-10,8.9300
2019-09-11,9.4900
2019-09-12,9.0800
2019-09-13,9.1600
2019-09-16,8.9600
2019-09-17,8.6800
2019-09-18,8.6500
2019-09-19,8.7900
2019-09-20,9.5400
2019-09-23,9.2100
2019-09-24,9.0200
2019-09-25,8.7800
2019-09-26,8.6500
2019-09-27,8.4600
2019-09-30,8.3900
2019-10-01,8.1300
2019-10-02,8.0800
2019-10-03,8.6100
2019-10-04,8.4800
2019-10-07,8.2900
2019-10-08,8.1200
2019-10-09,8.4000
2019-10-10,8.3500
2019-10-11,8.7400
2019-10-14,8.9000
2019-10-15,9.0400
2019-10-16,8.9400
2019-10-17,9.6300
2019-10-18,9.6100
2019-10-21,9.5100
2019-10-22,9.2700
2019-10-23,9.3300
2019-10-24,9.2700
2019-10-25,10.4900
2019-10-28,10.6100
2019-10-29,12.2100
2019-10-30,11.9500
2019-10-31,12.0800
2019-11-01,12.3800
2019-11-04,12.3400
2019-11-05,12.1700
2019-11-06,12.1800
2019-11-07,12.1200
2019-11-08,11.8600
2019-11-11,12.0600
2019-11-12,12.0200
2019-11-13,11.7200
2019-11-14,11.5300
2019-11-15,11.8600
2019-11-18,11.8300
2019-11-19,11.6100
2019-11-20,11.5200
2019-11-21,11.3800
2019-11-22,11.1700
2019-11-25,11.5400
2019-11-26,11.2900
2019-11-27,11.5700
2019-11-29,11.2200
2019-12-02,11.2200
2019-12-03,10.9400
2019-12-04,11.8500
2019-12-05,11.5800
2019-12-06,11.3700
2019-12-09,11.2900
2019-12-10,11.2000
2019-12-11,11.3500
2019-12-12,12.3400
2019-12-13,12.3600
2019-12-16,12.3900
2019-12-17,12.7700
2019-12-18,12.4700
2019-12-19,12.6000
2019-12-20,12.4900
2019-12-23,12.4900
2019-12-24,12.3200
2019-12-26,12.3600
2019-12-27,12.3200
2019-12-30,12.7700
2019-12-31,12.9300
2020-01-02,13.5200
2020-01-03,13.1800
2020-01-06,13.0300
2020-01-07,12.8200
2020-01-08,12.8600
2020-01-09,13.3300
2020-01-10,13.6100
2020-01-13,13.7200
2020-01-14,13.7500
2020-01-15,13.9500
2020-01-16,13.8200
2020-01-17,13.8500
2020-01-21,13.3000
2020-01-22,12.9900
2020-01-23,13.1200
2020-01-24,12.9400
2020-01-27,12.6900
2020-01-28,12.5400
2020-01-29,13.1100
2020-01-30,13.0900
2020-01-31,12.1300
2020-02-03,11.6800
2020-02-04,11.7300
2020-02-05,12.6400
2020-02-06,12.3600
2020-02-07,11.9100
2020-02-10,11.8100
2020-02-11,12.0100
2020-02-12,12.0300
2020-02-13,11.8300
2020-02-14,11.7100
2020-02-18,11.2100
2020-02-19,11.1200
2020-02-20,11.0500
2020-02-21,10.8800
2020-02-24,10.3300
2020-02-25,10.0600
2020-02-26,10.0600
2020-02-27,9.7200
2020-02-28,9.1600
2020-03-02,8.9600
2020-03-03,8.6900
2020-03-04,8.5700
2020-03-05,8.0200
2020-03-06,7.7700
2020-03-09,6.7100
2020-03-10,7.2000
2020-03-11,6.4500
2020-03-12,5.2900
2020-03-13,6.0900
2020-03-16,5.0800
2020-03-17,5.3100
2020-03-18,4.9100
2020-03-19,4.7800
2020-03-20,4.7200
2020-03-23,4.3300
2020-03-24,4.7100
2020-03-25,4.8400
2020-03-26,5.0500
2020-03-27,4.6000
2020-03-30,4.5500
2020-03-31,4.7200
2020-04-01,4.1100
2020-04-02,4.1200
2020-04-03,4.0800
2020-04-06,4.5600
2020-04-07,4.3400
2020-04-08,4.6100
2020-04-09,5.1400
2020-04-13,4.8600
2020-04-14,5.0400
2020-04-15,4.6900
2020-04-16,4.9300
2020-04-17,5.1200
2020-04-20,5.1100
2020-04-21,4.7000
2020-04-22,5.0100
2020-04-23,5.0100
2020-04-24,4.8700
2020-04-27,5.0000
2020-04-28,5.0800
2020-04-29,5.8800
2020-04-30,5.9200
2020-05-01,5.6000
2020-05-04,5.6100
2020-05-05,5.4700
2020-05-06,5.3900
2020-05-07,5.5000
2020-05-08,5.5500
2020-05-11,5.8500
2020-05-12,6.0400
2020-05-13,5.5500
2020-05-14,5.6600
2020-05-15,5.4800
2020-05-18,5.5800
2020-05-19,5.3200
2020-05-20,5.5100
2020-05-21,5.5700
2020-05-22,5.4600
2020-05-26,5.6100
2020-05-27,5.8100
2020-05-28,5.7500
2020-05-29,5.7100
2020-06-01,6.0600
2020-06-02,6.6100
2020-06-03,6.8100
2020-06-04,6.6800
2020-06-05,7.4500
2020-06-08,7.8000
2020-06-09,7.3200
2020-06-10,7.2100
2020-06-11,6.5500
2020-06-12,7.0000
2020-06-15,6.7100
2020-06-16,6.3100
2020-06-17,6.1900
2020-06-18,6.3700
2020-06-19,6.5900
2020-06-22,6.7900
2020-06-23,6.8900
2020-06-24,6.7100
2020-06-25,6.9500
2020-06-26,6.6000
2020-06-29,6.7100
2020-06-30,6.5700
2020-07-01,6.6800
2020-07-02,6.8700
2020-07-06,7.5300
2020-07-07,7.3200
2020-07-08,7.0600
2020-07-09,7.2300
2020-07-10,7.3500
2020-07-13,7.0900
2020-07-14,7.0200
2020-07-15,7.0200
2020-07-16,6.9100
2020-07-17,6.9500
2020-07-20,7.1200
2020-07-21,7.3500
2020-07-22,7.1400
2020-07-23,7.0000
2020-07-24,6.8700
2020-07-27,6.7900
2020-07-28,7.2400
2020-07-29,7.1200
2020-07-30,7.0300
2020-07-31,6.8200
2020-08-03,7.4500
2020-08-04,7.5400
2020-08-05,7.8200
2020-08-06,7.8500
2020-08-07,7.9200
2020-08-10,8.2100
2020-08-11,8.1000
2020-08-12,8.3800
2020-08-13,8.7200
2020-08-14,8.2700
2020-08-17,8.2100
2020-08-18,8.3900
2020-08-19,8.3300
2020-08-20,8.2200
2020-08-21,8.1200
2020-08-24,8.2400
2020-08-25,8.6700
2020-08-26,9.6500
2020-08-27,9.6500
2020-08-28,9.7700
2020-08-31,9.7400
2020-09-01,9.7700
2020-09-02,10.1000
2020-09-03,9.9800
2020-09-04,10.1000
2020-09-08,9.6300
2020-09-09,9.6700
2020-09-10,9.5700
2020-09-11,9.7100
2020-09-14,10.0700
2020-09-15,10.0900
2020-09-16,10.2700
2020-09-17,10.0000
2020-09-18,9.8800
2020-09-21,9.3300
2020-09-22,9.1100
2020-09-23,8.7400
2020-09-24,8.4300
2020-09-25,8.6500
2020-09-28,8.9800
2020-09-29,8.8700
2020-09-30,9.0900
2020-10-01,9.1500
2020-10-02,9.0700
2020-10-05,9.2000
2020-10-06,9.7000
2020-10-07,9.7300
2020-10-08,9.6700
2020-10-09,9.5800
2020-10-12,9.3400
2020-10-13,9.0800
2020-10-14,8.9200
2020-10-15,8.8100
2020-10-16,8.8000
2020-10-19,8.6100
2020-10-20,8.9200
2020-10-21,8.8400
2020-10-22,9.1200
2020-10-23,9.3200
2020-10-26,9.0600
2020-10-27,9.4800
2020-10-28,8.8500
2020-10-29,8.9300
2020-10-30,8.7700
2020-11-02,9.0800
2020-11-03,9.2900
2020-11-04,9.2800
2020-11-05,9.5000
2020-11-06,9.4900
2020-11-09,10.2000
2020-11-10,10.0300
2020-11-11,10.2100
2020-11-12,10.0700
2020-11-13,10.0300
2020-11-16,10.4900
2020-11-17,10.9000
2020-11-18,11.6300
2020-11-19,11.5800
2020-11-20,11.2900
2020-11-23,11.4600
2020-11-24,11.7000
2020-11-25,11.7800
2020-11-27,12.3800
2020-11-30,11.9400
2020-12-01,12.5700
2020-12-02,12.6400
2020-12-03,12.6600
2020-12-04,12.5100
2020-12-07,12.5200
2020-12-08,12.4500
2020-12-09,12.3800
2020-12-10,11.9900
2020-12-11,12.1200
2020-12-14,11.9900
2020-12-15,12.3400
2020-12-16,12.5700
